-- phpMyAdmin SQL Dump
-- version 5.2.1
-- https://www.phpmyadmin.net/
--
-- Host: 127.0.0.1
-- Generation Time: May 20, 2026 at 06:38 AM
-- Server version: 10.4.32-MariaDB
-- PHP Version: 8.0.30

SET SQL_MODE = "NO_AUTO_VALUE_ON_ZERO";
START TRANSACTION;
SET time_zone = "+00:00";


/*!40101 SET @OLD_CHARACTER_SET_CLIENT=@@CHARACTER_SET_CLIENT */;
/*!40101 SET @OLD_CHARACTER_SET_RESULTS=@@CHARACTER_SET_RESULTS */;
/*!40101 SET @OLD_COLLATION_CONNECTION=@@COLLATION_CONNECTION */;
/*!40101 SET NAMES utf8mb4 */;

--
-- Database: `empress_cafe`
--

-- --------------------------------------------------------

--
-- Table structure for table `ingredients`
--

CREATE TABLE `ingredients` (
  `id` int(11) NOT NULL,
  `name` varchar(100) NOT NULL,
  `unit` varchar(20) DEFAULT NULL,
  `stock_qty` decimal(10,3) DEFAULT 0.000,
  `low_stock_threshold` decimal(10,3) DEFAULT 0.000,
  `expiry_date` date DEFAULT NULL,
  `created_at` datetime DEFAULT current_timestamp(),
  `updated_at` datetime DEFAULT current_timestamp() ON UPDATE current_timestamp()
) ENGINE=InnoDB DEFAULT CHARSET=utf8mb4 COLLATE=utf8mb4_general_ci;

--
-- Dumping data for table `ingredients`
--

INSERT INTO `ingredients` (`id`, `name`, `unit`, `stock_qty`, `low_stock_threshold`, `expiry_date`, `created_at`, `updated_at`) VALUES
(1, '12oz Ice Cup', 'pcs', 50.000, 100.000, NULL, '2026-03-27 11:08:19', '2026-04-30 06:31:12'),
(2, '16oz Ice Cup', 'pcs', 499.000, 100.000, NULL, '2026-03-27 11:08:19', '2026-04-03 12:05:55'),
(3, '22oz Ice Cup', 'pcs', 500.000, 100.000, NULL, '2026-03-27 11:08:19', '2026-03-27 11:08:19'),
(4, '8oz Hot Cup', 'pcs', 500.000, 100.000, NULL, '2026-03-27 11:08:19', '2026-03-27 11:08:19'),
(5, '12oz Hot Cup', 'pcs', 100.000, 100.000, '2027-04-29', '2026-03-27 11:08:19', '2026-05-01 07:08:36'),
(6, 'Take Out Single', 'pcs', 300.000, 50.000, NULL, '2026-03-27 11:08:19', '2026-03-27 11:08:19'),
(7, 'Take Out Double', 'pcs', 300.000, 50.000, NULL, '2026-03-27 11:08:19', '2026-03-27 11:08:19'),
(8, 'Straw Small', 'pcs', 500.000, 100.000, NULL, '2026-03-27 11:08:19', '2026-03-27 11:08:19'),
(9, 'Straw Big', 'pcs', 500.000, 100.000, NULL, '2026-03-27 11:08:19', '2026-03-27 11:08:19'),
(10, 'Coffee Coarse Grind', 'g', 4964.000, 500.000, NULL, '2026-03-27 11:08:19', '2026-04-03 12:14:29'),
(11, 'Coffee Beans', 'g', 5000.000, 500.000, NULL, '2026-03-27 11:08:19', '2026-03-27 11:08:19'),
(12, 'Fresh Milk', 'ml', 4760.000, 500.000, NULL, '2026-03-27 11:08:19', '2026-04-03 12:14:29'),
(13, 'Soya Milk', 'ml', 2000.000, 300.000, NULL, '2026-03-27 11:08:19', '2026-03-27 11:08:19'),
(14, 'Ever Whip', 'g', 1260.000, 200.000, NULL, '2026-03-27 11:08:19', '2026-05-20 12:36:52'),
(15, 'Whip Cream Powder', 'g', 2000.000, 200.000, NULL, '2026-03-27 11:08:19', '2026-03-27 11:08:19'),
(16, 'Frappe Base', 'g', 3000.000, 300.000, NULL, '2026-03-27 11:08:19', '2026-03-27 11:08:19'),
(17, 'Cream Cheese Powder', 'g', 1000.000, 150.000, NULL, '2026-03-27 11:08:19', '2026-03-27 11:08:19'),
(18, 'Condensed Milk', 'ml', 3000.000, 300.000, NULL, '2026-03-27 11:08:19', '2026-03-27 11:08:19'),
(19, 'Evap Milk', 'ml', 3000.000, 300.000, NULL, '2026-03-27 11:08:19', '2026-03-27 11:08:19'),
(20, 'Sugar Syrup', 'ml', 3000.000, 300.000, NULL, '2026-03-27 11:08:19', '2026-03-27 11:08:19'),
(21, 'Vanilla Syrup', 'ml', 2000.000, 200.000, NULL, '2026-03-27 11:08:19', '2026-03-27 11:08:19'),
(22, 'Chocolate Sauce', 'ml', 2000.000, 200.000, NULL, '2026-03-27 11:08:19', '2026-03-27 11:08:19'),
(23, 'Caramel Sauce', 'ml', 2000.000, 200.000, NULL, '2026-03-27 11:08:19', '2026-03-27 11:08:19'),
(24, 'Caramel Classic', 'ml', 2000.000, 200.000, NULL, '2026-03-27 11:08:19', '2026-03-27 11:08:19'),
(25, 'White Chocolate Sauce', 'ml', 2000.000, 200.000, NULL, '2026-03-27 11:08:19', '2026-03-27 11:08:19'),
(26, 'Hazelnut Syrup', 'ml', 2000.000, 200.000, NULL, '2026-03-27 11:08:19', '2026-03-27 11:08:19'),
(27, 'Honey', 'ml', 1000.000, 100.000, NULL, '2026-03-27 11:08:19', '2026-03-27 11:08:19'),
(28, 'Tiramisu Powder', 'g', 985.000, 100.000, NULL, '2026-03-27 11:08:19', '2026-04-03 12:05:55'),
(29, 'Cinnamon Powder', 'g', 500.000, 50.000, NULL, '2026-03-27 11:08:19', '2026-03-27 11:08:19'),
(30, 'Cocoa Powder', 'g', 1000.000, 100.000, NULL, '2026-03-27 11:08:19', '2026-03-27 11:08:19'),
(31, 'Matcha Powder', 'g', 1000.000, 100.000, NULL, '2026-03-27 11:08:19', '2026-03-27 11:08:19'),
(32, 'Powdered Sugar', 'g', 2000.000, 200.000, NULL, '2026-03-27 11:08:19', '2026-03-27 11:08:19'),
(33, 'Thai Tea', 'g', 1000.000, 100.000, NULL, '2026-03-27 11:08:19', '2026-03-27 11:08:19'),
(34, 'Strawberry Syrup', 'ml', 2000.000, 200.000, NULL, '2026-03-27 11:08:19', '2026-03-27 11:08:19'),
(35, 'Strawberry Puree', 'ml', 1280.000, 200.000, NULL, '2026-03-27 11:08:19', '2026-05-20 12:25:50'),
(36, 'Blueberry Puree', 'ml', 2000.000, 200.000, NULL, '2026-03-27 11:08:19', '2026-03-27 11:08:19'),
(37, 'Brown Sugar', 'g', 0.000, 200.000, NULL, '2026-03-27 11:08:19', '2026-04-08 10:47:50'),
(38, 'Bread', 'pcs', 200.000, 50.000, NULL, '2026-03-27 11:08:19', '2026-03-27 11:08:19'),
(39, 'Egg', 'pcs', 300.000, 50.000, NULL, '2026-03-27 11:08:19', '2026-03-27 11:08:19'),
(40, 'Ham', 'g', 2000.000, 200.000, NULL, '2026-03-27 11:08:19', '2026-03-27 11:08:19'),
(41, 'Cheese', 'g', 2000.000, 200.000, NULL, '2026-03-27 11:08:19', '2026-03-27 11:08:19'),
(42, 'Lettuce', 'g', 500.000, 50.000, NULL, '2026-03-27 11:08:19', '2026-03-27 11:08:19'),
(43, 'Tomato', 'g', 500.000, 50.000, NULL, '2026-03-27 11:08:19', '2026-03-27 11:08:19'),
(44, 'Mayonnaise', 'ml', 1000.000, 100.000, NULL, '2026-03-27 11:08:19', '2026-03-27 11:08:19'),
(45, 'Tuna', 'g', 2000.000, 200.000, NULL, '2026-03-27 11:08:19', '2026-03-27 11:08:19'),
(46, 'Frozen Fries', 'g', 4400.000, 500.000, NULL, '2026-03-27 11:08:19', '2026-05-17 16:34:19'),
(47, 'Cheese Powder', 'g', 400.000, 50.000, NULL, '2026-03-27 11:08:19', '2026-05-17 16:34:19'),
(48, 'BBQ Powder', 'g', 5.000, 50.000, NULL, '2026-03-27 11:08:19', '2026-04-10 04:58:52'),
(49, 'Sour Cream Powder', 'g', 280.000, 50.000, NULL, '2026-03-27 11:08:19', '2026-05-17 16:34:19'),
(50, 'Donut Mix', 'g', 3000.000, 300.000, NULL, '2026-03-27 11:08:19', '2026-03-27 11:08:19'),
(51, 'Cookie Dough', 'g', 3000.000, 300.000, NULL, '2026-03-27 11:08:19', '2026-03-27 11:08:19'),
(52, 'Garlic', 'g', 500.000, 50.000, NULL, '2026-03-27 11:08:19', '2026-03-27 11:08:19'),
(53, 'Rice', 'g', 10000.000, 1000.000, NULL, '2026-03-27 11:08:19', '2026-03-27 11:08:19'),
(54, 'Hotdog', 'pcs', 200.000, 50.000, NULL, '2026-03-27 11:08:19', '2026-03-27 11:08:19'),
(55, 'Tapa', 'g', 3000.000, 300.000, NULL, '2026-03-27 11:08:19', '2026-03-27 11:08:19'),
(56, 'Tocino', 'g', 3000.000, 300.000, NULL, '2026-03-27 11:08:19', '2026-03-27 11:08:19'),
(57, 'Sausage', 'pcs', 200.000, 50.000, NULL, '2026-03-27 11:08:19', '2026-03-27 11:08:19'),
(58, 'Spam', 'g', 2000.000, 200.000, NULL, '2026-03-27 11:08:19', '2026-03-27 11:08:19'),
(59, 'Bacon', 'g', 2000.000, 200.000, NULL, '2026-03-27 11:08:19', '2026-03-27 11:08:19'),
(60, 'Lumpia', 'pcs', 200.000, 50.000, NULL, '2026-03-27 11:08:19', '2026-03-27 11:08:19'),
(61, 'Corned Beef', 'g', 2000.000, 200.000, NULL, '2026-03-27 11:08:19', '2026-03-27 11:08:19'),
(62, 'Pasta Noodles', 'g', 3000.000, 300.000, NULL, '2026-03-27 11:08:19', '2026-03-27 11:08:19'),
(63, 'All Purpose Cream', 'ml', 2000.000, 200.000, NULL, '2026-03-27 11:08:19', '2026-03-27 11:08:19'),
(64, 'Butter', 'g', 1000.000, 100.000, NULL, '2026-03-27 11:08:19', '2026-03-27 11:08:19'),
(65, 'Croffle Dough', 'g', 84400.000, 500.000, NULL, '2026-03-27 11:08:19', '2026-05-20 12:36:52'),
(66, 'Nutella', 'g', 2000.000, 200.000, NULL, '2026-03-27 11:08:19', '2026-03-27 11:08:19'),
(67, 'Biscoff Spread', 'g', 1545.000, 200.000, NULL, '2026-03-27 11:08:19', '2026-05-20 12:37:24'),
(68, 'Oreo', 'g', 1000.000, 100.000, NULL, '2026-03-27 11:08:19', '2026-03-27 11:08:19'),
(69, 'Graham', 'g', 500.000, 50.000, NULL, '2026-03-27 11:08:19', '2026-03-27 11:08:19'),
(70, 'Marshmallow', 'g', 500.000, 50.000, NULL, '2026-03-27 11:08:19', '2026-03-27 11:08:19'),
(71, 'Sliced Almond', 'g', 500.000, 50.000, NULL, '2026-03-27 11:08:19', '2026-03-27 11:08:19'),
(72, 'Mango', 'g', 3000.000, 300.000, NULL, '2026-03-27 11:08:19', '2026-03-27 11:08:19'),
(73, 'Banana', 'pcs', 200.000, 50.000, NULL, '2026-03-27 11:08:19', '2026-03-27 11:08:19'),
(74, 'Avocado', 'g', 2000.000, 200.000, NULL, '2026-03-27 11:08:19', '2026-03-27 11:08:19'),
(75, 'Carrot', 'g', 1000.000, 100.000, NULL, '2026-03-27 11:08:19', '2026-03-27 11:08:19'),
(76, 'Apple', 'g', 0.000, 200.000, NULL, '2026-03-27 11:08:19', '2026-04-08 10:47:37'),
(77, 'Lemon', 'pcs', 100.000, 20.000, NULL, '2026-03-27 11:08:19', '2026-03-27 11:08:19'),
(78, 'Cucumber', 'g', 1000.000, 100.000, NULL, '2026-03-27 11:08:19', '2026-03-27 11:08:19'),
(79, 'Calamansi', 'pcs', 200.000, 30.000, NULL, '2026-03-27 11:08:19', '2026-03-27 11:08:19'),
(80, 'Chia Seeds', 'g', 500.000, 50.000, NULL, '2026-03-27 11:08:19', '2026-03-27 11:08:19'),
(81, 'Oats', 'g', 1000.000, 100.000, NULL, '2026-03-27 11:08:19', '2026-03-27 11:08:19'),
(82, 'Peanut Butter', 'g', 1000.000, 100.000, NULL, '2026-03-27 11:08:19', '2026-03-27 11:08:19'),
(83, 'Whey Protein', 'g', 1000.000, 100.000, NULL, '2026-03-27 11:08:19', '2026-03-27 11:08:19'),
(84, 'Lychee Syrup', 'ml', 1000.000, 100.000, NULL, '2026-03-27 11:08:19', '2026-03-27 11:08:19'),
(85, 'Coffee Jelly', 'g', 500.000, 50.000, NULL, '2026-03-27 11:08:19', '2026-03-27 11:08:19'),
(86, 'Yakult', 'pcs', 200.000, 30.000, NULL, '2026-03-27 11:08:19', '2026-03-27 11:08:19'),
(87, 'Nata de Coco', 'g', 500.000, 50.000, NULL, '2026-03-27 11:08:19', '2026-03-27 11:08:19'),
(88, 'Fruit Jelly', 'g', 500.000, 50.000, NULL, '2026-03-27 11:08:19', '2026-03-27 11:08:19'),
(89, 'Ube Powder', 'g', 500.000, 50.000, NULL, '2026-03-27 11:08:19', '2026-03-27 11:08:19'),
(90, 'Taro Powder', 'g', 500.000, 50.000, NULL, '2026-03-27 11:08:19', '2026-03-27 11:08:19'),
(91, 'Ice', 'g', 9800.000, 1000.000, NULL, '2026-03-27 11:08:19', '2026-04-03 12:05:55'),
(92, 'Soda Water', 'ml', 5000.000, 500.000, NULL, '2026-03-27 11:08:19', '2026-03-27 11:08:19'),
(93, 'San Mig Light', 'pcs', 100.000, 20.000, NULL, '2026-03-27 11:08:19', '2026-03-27 11:08:19'),
(94, 'San Mig Pale Pilsen', 'pcs', 100.000, 20.000, NULL, '2026-03-27 11:08:19', '2026-03-27 11:08:19'),
(95, 'San Mig Apple', 'pcs', 100.000, 20.000, NULL, '2026-03-27 11:08:19', '2026-03-27 11:08:19'),
(96, 'Red Horse', 'pcs', 100.000, 20.000, NULL, '2026-03-27 11:08:19', '2026-03-27 11:08:19'),
(97, 'House Wine', 'ml', 5000.000, 500.000, NULL, '2026-03-27 11:08:19', '2026-03-27 11:08:19'),
(98, 'Coke', 'pcs', 100.000, 20.000, NULL, '2026-03-27 11:08:19', '2026-03-27 11:08:19'),
(99, 'Coke Zero', 'pcs', 100.000, 20.000, NULL, '2026-03-27 11:08:19', '2026-03-27 11:08:19'),
(100, 'Sprite', 'pcs', 100.000, 20.000, NULL, '2026-03-27 11:08:19', '2026-03-27 11:08:19'),
(101, 'Mineral Water', 'pcs', 100.000, 20.000, NULL, '2026-03-27 11:08:19', '2026-03-27 11:08:19'),
(102, 'Iced Tea Mix', 'g', 1000.000, 100.000, NULL, '2026-03-27 11:08:19', '2026-03-27 11:08:19'),
(103, 'Lychee Jelly', 'g', 500.000, 50.000, NULL, '2026-03-27 11:08:19', '2026-03-27 11:08:19');

-- --------------------------------------------------------

--
-- Table structure for table `menu`
--

CREATE TABLE `menu` (
  `id` int(11) NOT NULL,
  `name` varchar(100) NOT NULL,
  `description` text DEFAULT NULL,
  `image` varchar(255) DEFAULT NULL,
  `price` decimal(10,2) NOT NULL,
  `category` varchar(50) DEFAULT NULL,
  `is_available` tinyint(1) DEFAULT 1,
  `created_at` datetime DEFAULT current_timestamp()
) ENGINE=InnoDB DEFAULT CHARSET=utf8mb4 COLLATE=utf8mb4_general_ci;

--
-- Dumping data for table `menu`
--

INSERT INTO `menu` (`id`, `name`, `description`, `image`, `price`, `category`, `is_available`, `created_at`) VALUES
(1, 'Americano (Hot 12oz)', 'Classic hot Americano', NULL, 100.00, 'Coffee', 0, '2026-03-27 11:08:19'),
(2, 'Americano (Medium Iced 16oz)', 'Classic iced Americano', NULL, 120.00, 'Coffee', 0, '2026-03-27 11:08:19'),
(3, 'Americano (Large Iced 22oz)', 'Classic iced Americano - large', NULL, 130.00, 'Coffee', 0, '2026-03-27 11:08:19'),
(4, 'Café Latte No Sugar (Hot 12oz)', 'Café latte with no sugar - hot', NULL, 120.00, 'Coffee', 0, '2026-03-27 11:08:19'),
(5, 'Café Latte No Sugar (Medium Iced 16oz)', 'Café latte with no sugar - iced', NULL, 130.00, 'Coffee', 0, '2026-03-27 11:08:19'),
(6, 'Café Latte No Sugar (Large Iced 22oz)', 'Café latte with no sugar - iced large', NULL, 150.00, 'Coffee', 0, '2026-03-27 11:08:19'),
(7, 'Cappuccino (Hot 12oz)', 'Classic cappuccino - hot', NULL, 150.00, 'Coffee', 0, '2026-03-27 11:08:19'),
(8, 'Cappuccino (Medium Iced 16oz)', 'Classic cappuccino - iced', NULL, 160.00, 'Coffee', 0, '2026-03-27 11:08:19'),
(9, 'Cappuccino (Large Iced 22oz)', 'Classic cappuccino - iced large', NULL, 180.00, 'Coffee', 0, '2026-03-27 11:08:19'),
(10, 'Caramel Macchiato (Hot 12oz)', 'Caramel macchiato - hot', NULL, 160.00, 'Coffee', 0, '2026-03-27 11:08:19'),
(11, 'Caramel Macchiato (Medium Iced 16oz)', 'Caramel macchiato - iced', NULL, 170.00, 'Coffee', 0, '2026-03-27 11:08:19'),
(12, 'Caramel Macchiato (Large Iced 22oz)', 'Caramel macchiato - iced large', NULL, 190.00, 'Coffee', 0, '2026-03-27 11:08:19'),
(13, 'Caramel Latte (Hot 12oz)', 'Caramel latte - hot', NULL, 150.00, 'Coffee', 0, '2026-03-27 11:08:19'),
(14, 'Caramel Latte (Medium Iced 16oz)', 'Caramel latte - iced', NULL, 160.00, 'Coffee', 0, '2026-03-27 11:08:19'),
(15, 'Caramel Latte (Large Iced 22oz)', 'Caramel latte - iced large', NULL, 180.00, 'Coffee', 0, '2026-03-27 11:08:19'),
(16, 'Mocha Latte (Hot 12oz)', 'Mocha latte - hot', NULL, 150.00, 'Coffee', 0, '2026-03-27 11:08:19'),
(17, 'Mocha Latte (Medium Iced 16oz)', 'Mocha latte - iced', NULL, 160.00, 'Coffee', 0, '2026-03-27 11:08:19'),
(18, 'Mocha Latte (Large Iced 22oz)', 'Mocha latte - iced large', NULL, 180.00, 'Coffee', 0, '2026-03-27 11:08:19'),
(19, 'Vanilla Latte (Hot 12oz)', 'Vanilla latte - hot', NULL, 150.00, 'Coffee', 0, '2026-03-27 11:08:19'),
(20, 'Vanilla Latte (Medium Iced 16oz)', 'Vanilla latte - iced', NULL, 160.00, 'Coffee', 0, '2026-03-27 11:08:19'),
(21, 'Vanilla Latte (Large Iced 22oz)', 'Vanilla latte - iced large', NULL, 180.00, 'Coffee', 0, '2026-03-27 11:08:19'),
(22, 'Hazelnut Latte (Hot 12oz)', 'Hazelnut latte - hot', NULL, 150.00, 'Coffee', 0, '2026-03-27 11:08:19'),
(23, 'Hazelnut Latte (Medium Iced 16oz)', 'Hazelnut latte - iced', NULL, 160.00, 'Coffee', 0, '2026-03-27 11:08:19'),
(24, 'Hazelnut Latte (Large Iced 22oz)', 'Hazelnut latte - iced large', NULL, 180.00, 'Coffee', 0, '2026-03-27 11:08:19'),
(25, 'Tiramisu Latte (Hot 12oz)', 'Tiramisu latte - hot', NULL, 150.00, 'Coffee', 0, '2026-03-27 11:08:19'),
(26, 'Tiramisu Latte (Medium Iced 16oz)', 'Tiramisu latte - iced', NULL, 160.00, 'Coffee', 0, '2026-03-27 11:08:19'),
(27, 'Tiramisu Latte (Large Iced 22oz)', 'Tiramisu latte - iced large', NULL, 180.00, 'Coffee', 0, '2026-03-27 11:08:19'),
(28, 'Sea Salt Latte (Hot 12oz)', 'Sea salt latte - hot', NULL, 150.00, 'Coffee', 0, '2026-03-27 11:08:19'),
(29, 'Sea Salt Latte (Medium Iced 16oz)', 'Sea salt latte - iced', NULL, 160.00, 'Coffee', 0, '2026-03-27 11:08:19'),
(30, 'Sea Salt Latte (Large Iced 22oz)', 'Sea salt latte - iced large', NULL, 180.00, 'Coffee', 0, '2026-03-27 11:08:19'),
(31, 'Spanish Latte (Hot 12oz)', 'Spanish latte - hot', NULL, 150.00, 'Coffee', 0, '2026-03-27 11:08:19'),
(32, 'Spanish Latte (Medium Iced 16oz)', 'Spanish latte - iced', NULL, 160.00, 'Coffee', 0, '2026-03-27 11:08:19'),
(33, 'Spanish Latte (Large Iced 22oz)', 'Spanish latte - iced large', NULL, 180.00, 'Coffee', 0, '2026-03-27 11:08:19'),
(34, 'Dirty Matcha (Hot 12oz)', 'Dirty matcha latte - hot', NULL, 150.00, 'Coffee', 0, '2026-03-27 11:08:19'),
(35, 'Dirty Matcha (Medium Iced 16oz)', 'Dirty matcha latte - iced', NULL, 160.00, 'Coffee', 0, '2026-03-27 11:08:19'),
(36, 'Dirty Matcha (Large Iced 22oz)', 'Dirty matcha latte - iced large', NULL, 180.00, 'Coffee', 0, '2026-03-27 11:08:19'),
(37, 'Nutella Latte (Hot 12oz)', 'Nutella latte - hot', NULL, 160.00, 'Coffee', 0, '2026-03-27 11:08:19'),
(38, 'Nutella Latte (Medium Iced 16oz)', 'Nutella latte - iced', NULL, 170.00, 'Coffee', 0, '2026-03-27 11:08:19'),
(39, 'Nutella Latte (Large Iced 22oz)', 'Nutella latte - iced large', NULL, 190.00, 'Coffee', 0, '2026-03-27 11:08:19'),
(40, 'Biscoff Latte (Hot 12oz)', 'Biscoff latte - hot', NULL, 160.00, 'Coffee', 0, '2026-03-27 11:08:19'),
(41, 'Biscoff Latte (Medium Iced 16oz)', 'Biscoff latte - iced', NULL, 170.00, 'Coffee', 0, '2026-03-27 11:08:19'),
(42, 'Biscoff Latte (Large Iced 22oz)', 'Biscoff latte - iced large', NULL, 190.00, 'Coffee', 0, '2026-03-27 11:08:19'),
(43, 'Cinnamon Latte (Hot 12oz)', 'Cinnamon latte - hot', NULL, 150.00, 'Coffee', 0, '2026-03-27 11:08:19'),
(44, 'Cinnamon Latte (Medium Iced 16oz)', 'Cinnamon latte - iced', NULL, 160.00, 'Coffee', 0, '2026-03-27 11:08:19'),
(45, 'Cinnamon Latte (Large Iced 22oz)', 'Cinnamon latte - iced large', NULL, 180.00, 'Coffee', 0, '2026-03-27 11:08:19'),
(46, 'Java Chip Frappe (Medium 16oz)', 'Java chip frappe - medium', NULL, 160.00, 'Frappe', 0, '2026-03-27 11:08:19'),
(47, 'Java Chip Frappe (Large 22oz)', 'Java chip frappe - large', NULL, 180.00, 'Frappe', 0, '2026-03-27 11:08:19'),
(48, 'Chocolate Chip Frappe (Medium 16oz)', 'Chocolate chip frappe - medium', NULL, 150.00, 'Frappe', 0, '2026-03-27 11:08:19'),
(49, 'Chocolate Chip Frappe (Large 22oz)', 'Chocolate chip frappe - large', NULL, 170.00, 'Frappe', 0, '2026-03-27 11:08:19'),
(50, 'Oreo Frappe (Medium 16oz)', 'Oreo frappe - medium', NULL, 160.00, 'Frappe', 0, '2026-03-27 11:08:19'),
(51, 'Oreo Frappe (Large 22oz)', 'Oreo frappe - large', NULL, 180.00, 'Frappe', 0, '2026-03-27 11:08:19'),
(52, 'Nutella Frappe (Medium 16oz)', 'Nutella frappe - medium', NULL, 170.00, 'Frappe', 0, '2026-03-27 11:08:19'),
(53, 'Nutella Frappe (Large 22oz)', 'Nutella frappe - large', NULL, 190.00, 'Frappe', 0, '2026-03-27 11:08:19'),
(54, 'Biscoff Frappe (Medium 16oz)', 'Biscoff frappe - medium', NULL, 170.00, 'Frappe', 0, '2026-03-27 11:08:19'),
(55, 'Biscoff Frappe (Large 22oz)', 'Biscoff frappe - large', NULL, 190.00, 'Frappe', 0, '2026-03-27 11:08:19'),
(56, 'Hazelnut Frappe (Medium 16oz)', 'Hazelnut frappe - medium', NULL, 170.00, 'Frappe', 0, '2026-03-27 11:08:19'),
(57, 'Hazelnut Frappe (Large 22oz)', 'Hazelnut frappe - large', NULL, 190.00, 'Frappe', 0, '2026-03-27 11:08:19'),
(58, 'Caramel Frappe (Medium 16oz)', 'Caramel frappe - medium', NULL, 170.00, 'Frappe', 0, '2026-03-27 11:08:19'),
(59, 'Caramel Frappe (Large 22oz)', 'Caramel frappe - large', NULL, 190.00, 'Frappe', 0, '2026-03-27 11:08:19'),
(60, 'Peanut Butter Cookie Frappe (Medium 16oz)', 'Peanut butter cookie frappe - medium', NULL, 170.00, 'Frappe', 0, '2026-03-27 11:08:19'),
(61, 'Peanut Butter Cookie Frappe (Large 22oz)', 'Peanut butter cookie frappe - large', NULL, 190.00, 'Frappe', 0, '2026-03-27 11:08:19'),
(62, 'Strawberry Cream Frappe (Medium 16oz)', 'Strawberry cream frappe - medium', NULL, 170.00, 'Frappe', 0, '2026-03-27 11:08:19'),
(63, 'Strawberry Cream Frappe (Large 22oz)', 'Strawberry cream frappe - large', NULL, 190.00, 'Frappe', 0, '2026-03-27 11:08:19'),
(64, 'Blueberry Cream Frappe (Medium 16oz)', 'Blueberry cream frappe - medium', NULL, 170.00, 'Frappe', 0, '2026-03-27 11:08:19'),
(65, 'Blueberry Cream Frappe (Large 22oz)', 'Blueberry cream frappe - large', NULL, 190.00, 'Frappe', 0, '2026-03-27 11:08:19'),
(66, 'Vanilla Cream Frappe (Medium 16oz)', 'Vanilla cream frappe - medium', NULL, 160.00, 'Frappe', 0, '2026-03-27 11:08:19'),
(67, 'Vanilla Cream Frappe (Large 22oz)', 'Vanilla cream frappe - large', NULL, 180.00, 'Frappe', 0, '2026-03-27 11:08:19'),
(68, 'Matcha Frappe (Medium 16oz)', 'Matcha frappe - medium', NULL, 180.00, 'Frappe', 0, '2026-03-27 11:08:19'),
(69, 'Matcha Frappe (Large 22oz)', 'Matcha frappe - large', NULL, 200.00, 'Frappe', 0, '2026-03-27 11:08:19'),
(70, 'Ube Velvet Cloud (Medium Iced 16oz)', 'Ube velvet cloud drink - iced', NULL, 170.00, 'Non-Coffee', 0, '2026-03-27 11:08:19'),
(71, 'Ube Velvet Cloud (Large Iced 22oz)', 'Ube velvet cloud drink - iced large', NULL, 190.00, 'Non-Coffee', 0, '2026-03-27 11:08:19'),
(72, 'Purple Jade Latte (Medium Iced 16oz)', 'Purple jade latte - iced', NULL, 180.00, 'Non-Coffee', 0, '2026-03-27 11:08:19'),
(73, 'Purple Jade Latte (Large Iced 22oz)', 'Purple jade latte - iced large', NULL, 200.00, 'Non-Coffee', 0, '2026-03-27 11:08:19'),
(74, 'Matcha Cream (Hot 12oz)', 'Matcha cream - hot', NULL, 160.00, 'Non-Coffee', 0, '2026-03-27 11:08:19'),
(75, 'Matcha Cream (Medium Iced 16oz)', 'Matcha cream - iced', NULL, 170.00, 'Non-Coffee', 0, '2026-03-27 11:08:19'),
(76, 'Matcha Cream (Large Iced 22oz)', 'Matcha cream - iced large', NULL, 190.00, 'Non-Coffee', 0, '2026-03-27 11:08:19'),
(77, 'Strawberry Milk (Hot 12oz)', 'Strawberry milk - hot', NULL, 120.00, 'Non-Coffee', 0, '2026-03-27 11:08:19'),
(78, 'Strawberry Milk (Medium Iced 16oz)', 'Strawberry milk - iced', NULL, 130.00, 'Non-Coffee', 0, '2026-03-27 11:08:19'),
(79, 'Strawberry Milk (Large Iced 22oz)', 'Strawberry milk - iced large', NULL, 150.00, 'Non-Coffee', 0, '2026-03-27 11:08:19'),
(80, 'Blueberry Milk (Hot 12oz)', 'Blueberry milk - hot', NULL, 120.00, 'Non-Coffee', 0, '2026-03-27 11:08:19'),
(81, 'Blueberry Milk (Medium Iced 16oz)', 'Blueberry milk - iced', NULL, 130.00, 'Non-Coffee', 0, '2026-03-27 11:08:19'),
(82, 'Blueberry Milk (Large Iced 22oz)', 'Blueberry milk - iced large', NULL, 150.00, 'Non-Coffee', 0, '2026-03-27 11:08:19'),
(83, 'Chocolate (Hot 12oz)', 'Hot chocolate drink', NULL, 130.00, 'Non-Coffee', 0, '2026-03-27 11:08:19'),
(84, 'Chocolate (Medium Iced 16oz)', 'Iced chocolate drink', NULL, 140.00, 'Non-Coffee', 0, '2026-03-27 11:08:19'),
(85, 'Chocolate (Large Iced 22oz)', 'Iced chocolate drink - large', NULL, 160.00, 'Non-Coffee', 0, '2026-03-27 11:08:19'),
(86, 'White Chocolate (Hot 12oz)', 'White chocolate drink - hot', NULL, 120.00, 'Non-Coffee', 0, '2026-03-27 11:08:19'),
(87, 'White Chocolate (Medium Iced 16oz)', 'White chocolate drink - iced', NULL, 130.00, 'Non-Coffee', 0, '2026-03-27 11:08:19'),
(88, 'White Chocolate (Large Iced 22oz)', 'White chocolate drink - iced large', NULL, 150.00, 'Non-Coffee', 0, '2026-03-27 11:08:19'),
(89, 'Matcha Bliss (Hot 12oz)', 'Matcha bliss - hot', NULL, 130.00, 'Non-Coffee', 0, '2026-03-27 11:08:19'),
(90, 'Matcha Bliss (Medium Iced 16oz)', 'Matcha bliss - iced', NULL, 140.00, 'Non-Coffee', 0, '2026-03-27 11:08:19'),
(91, 'Matcha Bliss (Large Iced 22oz)', 'Matcha bliss - iced large', NULL, 160.00, 'Non-Coffee', 0, '2026-03-27 11:08:19'),
(92, 'Matcha Honey Lemon (Medium Iced 16oz)', 'Matcha honey lemon - iced', NULL, 150.00, 'Non-Coffee', 0, '2026-03-27 11:08:19'),
(93, 'Matcha Honey Lemon (Large Iced 22oz)', 'Matcha honey lemon - iced large', NULL, 170.00, 'Non-Coffee', 0, '2026-03-27 11:08:19'),
(94, 'Strawberry Matcha Bliss (Medium Iced 16oz)', 'Strawberry matcha bliss - iced', NULL, 150.00, 'Non-Coffee', 0, '2026-03-27 11:08:19'),
(95, 'Strawberry Matcha Bliss (Large Iced 22oz)', 'Strawberry matcha bliss - iced large', NULL, 170.00, 'Non-Coffee', 0, '2026-03-27 11:08:19'),
(96, 'Thai Tea Majesty (Hot 12oz)', 'Thai tea majesty - hot', NULL, 130.00, 'Non-Coffee', 0, '2026-03-27 11:08:19'),
(97, 'Thai Tea Majesty (Medium Iced 16oz)', 'Thai tea majesty - iced', NULL, 140.00, 'Non-Coffee', 0, '2026-03-27 11:08:19'),
(98, 'Thai Tea Majesty (Large Iced 22oz)', 'Thai tea majesty - iced large', NULL, 160.00, 'Non-Coffee', 0, '2026-03-27 11:08:19'),
(99, 'Thai Milk Brown (Hot 12oz)', 'Thai milk brown sugar - hot', NULL, 140.00, 'Non-Coffee', 0, '2026-03-27 11:08:19'),
(100, 'Thai Milk Brown (Medium Iced 16oz)', 'Thai milk brown sugar - iced', NULL, 150.00, 'Non-Coffee', 0, '2026-03-27 11:08:19'),
(101, 'Thai Milk Brown (Large Iced 22oz)', 'Thai milk brown sugar - iced large', NULL, 170.00, 'Non-Coffee', 0, '2026-03-27 11:08:19'),
(102, 'Strawberry Thai Tea (Medium Iced 16oz)', 'Strawberry Thai tea - iced', NULL, 150.00, 'Non-Coffee', 0, '2026-03-27 11:08:19'),
(103, 'Strawberry Thai Tea (Large Iced 22oz)', 'Strawberry Thai tea - iced large', NULL, 170.00, 'Non-Coffee', 0, '2026-03-27 11:08:19'),
(104, 'Lemonade Soda (Medium Iced 16oz)', 'Fresh lemonade soda - medium', NULL, 120.00, 'Soda Mix & Match', 0, '2026-03-27 11:08:19'),
(105, 'Lemonade Soda (Large Iced 22oz)', 'Fresh lemonade soda - large', NULL, 140.00, 'Soda Mix & Match', 0, '2026-03-27 11:08:19'),
(106, 'Strawberry Lemonade (Medium Iced 16oz)', 'Strawberry lemonade soda - medium', NULL, 130.00, 'Soda Mix & Match', 0, '2026-03-27 11:08:19'),
(107, 'Strawberry Lemonade (Large Iced 22oz)', 'Strawberry lemonade soda - large', NULL, 150.00, 'Soda Mix & Match', 0, '2026-03-27 11:08:19'),
(108, 'Yakult Lemonade (Medium Iced 16oz)', 'Yakult lemonade soda - medium', NULL, 130.00, 'Soda Mix & Match', 0, '2026-03-27 11:08:19'),
(109, 'Yakult Lemonade (Large Iced 22oz)', 'Yakult lemonade soda - large', NULL, 150.00, 'Soda Mix & Match', 0, '2026-03-27 11:08:19'),
(110, 'Cucumber Splash (Medium Iced 16oz)', 'Cucumber splash soda - medium', NULL, 130.00, 'Soda Mix & Match', 0, '2026-03-27 11:08:19'),
(111, 'Cucumber Splash (Large Iced 22oz)', 'Cucumber splash soda - large', NULL, 150.00, 'Soda Mix & Match', 0, '2026-03-27 11:08:19'),
(112, 'Glow Queen (Medium 16oz)', 'Carrot + Apple + Lemon', NULL, 150.00, 'Fresh Juice', 0, '2026-03-27 11:08:19'),
(113, 'Glow Queen (Large 22oz)', 'Carrot + Apple + Lemon - large', NULL, 180.00, 'Fresh Juice', 0, '2026-03-27 11:08:19'),
(114, 'Empress Detox (Medium 16oz)', 'Cucumber + Lemon + Calamansi + Chia', NULL, 140.00, 'Fresh Juice', 0, '2026-03-27 11:08:19'),
(115, 'Empress Detox (Large 22oz)', 'Cucumber + Lemon + Calamansi + Chia - large', NULL, 170.00, 'Fresh Juice', 0, '2026-03-27 11:08:19'),
(116, 'Tropical Beauty Elixir (Medium 16oz)', 'Mango + Apple + Lemon + Chia', NULL, 150.00, 'Fresh Juice', 0, '2026-03-27 11:08:19'),
(117, 'Tropical Beauty Elixir (Large 22oz)', 'Mango + Apple + Lemon + Chia - large', NULL, 180.00, 'Fresh Juice', 0, '2026-03-27 11:08:19'),
(118, 'Sun-Kissed Boost (Medium 16oz)', 'Carrot + Cucumber + Calamansi', NULL, 150.00, 'Fresh Juice', 0, '2026-03-27 11:08:19'),
(119, 'Sun-Kissed Boost (Large 22oz)', 'Carrot + Cucumber + Calamansi - large', NULL, 180.00, 'Fresh Juice', 0, '2026-03-27 11:08:19'),
(120, 'Mango Shake (Medium Iced 16oz)', 'Fresh mango shake - medium', NULL, 150.00, 'Shake', 0, '2026-03-27 11:08:19'),
(121, 'Mango Shake (Large Iced 22oz)', 'Fresh mango shake - large', NULL, 180.00, 'Shake', 0, '2026-03-27 11:08:19'),
(122, 'Banana Shake (Medium Iced 16oz)', 'Fresh banana shake - medium', NULL, 140.00, 'Shake', 0, '2026-03-27 11:08:19'),
(123, 'Banana Shake (Large Iced 22oz)', 'Fresh banana shake - large', NULL, 170.00, 'Shake', 0, '2026-03-27 11:08:19'),
(124, 'Avocado Shake (Medium Iced 16oz)', 'Fresh avocado shake - medium', NULL, 160.00, 'Shake', 0, '2026-03-27 11:08:19'),
(125, 'Avocado Shake (Large Iced 22oz)', 'Fresh avocado shake - large', NULL, 190.00, 'Shake', 0, '2026-03-27 11:08:19'),
(126, 'Mango Banana Shake (Medium Iced 16oz)', 'Mango banana shake - medium', NULL, 150.00, 'Shake', 0, '2026-03-27 11:08:19'),
(127, 'Mango Banana Shake (Large Iced 22oz)', 'Mango banana shake - large', NULL, 180.00, 'Shake', 0, '2026-03-27 11:08:19'),
(128, 'Banana Peanut Shake (Medium Iced 16oz)', 'Banana peanut shake - medium', NULL, 150.00, 'Shake', 0, '2026-03-27 11:08:19'),
(129, 'Banana Peanut Shake (Large Iced 22oz)', 'Banana peanut shake - large', NULL, 180.00, 'Shake', 0, '2026-03-27 11:08:19'),
(130, 'Banana Oat Power Shake (Medium Iced 16oz)', 'Banana oat power shake - medium', NULL, 190.00, 'Shake', 0, '2026-03-27 11:08:19'),
(131, 'Banana Oat Power Shake (Large Iced 22oz)', 'Banana oat power shake - large', NULL, 210.00, 'Shake', 0, '2026-03-27 11:08:19'),
(132, 'Choco Peanut Muscle Shake (Medium Iced 16oz)', 'Choco peanut muscle shake - medium', NULL, 200.00, 'Shake', 0, '2026-03-27 11:08:19'),
(133, 'Choco Peanut Muscle Shake (Large Iced 22oz)', 'Choco peanut muscle shake - large', NULL, 230.00, 'Shake', 0, '2026-03-27 11:08:19'),
(134, 'Strawberry Banana Fuel (Medium Iced 16oz)', 'Strawberry banana fuel shake - medium', NULL, 200.00, 'Shake', 0, '2026-03-27 11:08:19'),
(135, 'Strawberry Banana Fuel (Large Iced 22oz)', 'Strawberry banana fuel shake - large', NULL, 230.00, 'Shake', 0, '2026-03-27 11:08:19'),
(136, 'Mango Protein Glow (Medium Iced 16oz)', 'Mango protein glow shake - medium', NULL, 200.00, 'Shake', 0, '2026-03-27 11:08:19'),
(137, 'Mango Protein Glow (Large Iced 22oz)', 'Mango protein glow shake - large', NULL, 230.00, 'Shake', 0, '2026-03-27 11:08:19'),
(138, 'San Mig Light', 'San Miguel Light beer', NULL, 80.00, 'Beer & Wine', 0, '2026-03-27 11:08:19'),
(139, 'San Mig Pale Pilsen', 'San Miguel Pale Pilsen beer', NULL, 80.00, 'Beer & Wine', 0, '2026-03-27 11:08:19'),
(140, 'San Mig Apple', 'San Miguel Apple flavored beer', NULL, 80.00, 'Beer & Wine', 0, '2026-03-27 11:08:19'),
(141, 'Red Horse', 'Red Horse extra strong beer', NULL, 80.00, 'Beer & Wine', 0, '2026-03-27 11:08:19'),
(142, 'Beer Bucket', 'Beer bucket promo', NULL, 450.00, 'Beer & Wine', 0, '2026-03-27 11:08:19'),
(143, 'Wine (Glass)', 'House wine per glass', NULL, 190.00, 'Beer & Wine', 0, '2026-03-27 11:08:19'),
(144, 'Wine (Bottle)', 'House wine per bottle', NULL, 900.00, 'Beer & Wine', 0, '2026-03-27 11:08:19'),
(145, 'Lemonade', 'Freshly made lemonade', NULL, 120.00, 'Others', 0, '2026-03-27 11:08:19'),
(146, 'Iced Tea', 'Classic iced tea', NULL, 120.00, 'Others', 0, '2026-03-27 11:08:19'),
(147, 'Lychee Jelly Drink', 'Lychee drink with jelly', NULL, 130.00, 'Others', 0, '2026-03-27 11:08:19'),
(148, 'Coke', 'Coca-Cola', NULL, 65.00, 'Others', 0, '2026-03-27 11:08:19'),
(149, 'Coke Zero', 'Coca-Cola Zero Sugar', NULL, 65.00, 'Others', 0, '2026-03-27 11:08:19'),
(150, 'Sprite', 'Sprite soda', NULL, 65.00, 'Others', 0, '2026-03-27 11:08:19'),
(151, 'Water', 'Bottled water', NULL, 35.00, 'Others', 0, '2026-03-27 11:08:19'),
(152, 'Hotdog Rice Meal', 'Hotdog served with garlic rice and egg', NULL, 120.00, 'Rice Meal', 0, '2026-03-27 11:08:19'),
(153, 'Tapa Rice Meal', 'Tapa served with garlic rice and egg', NULL, 160.00, 'Rice Meal', 0, '2026-03-27 11:08:19'),
(154, 'Tocino Rice Meal', 'Tocino served with garlic rice and egg', NULL, 150.00, 'Rice Meal', 0, '2026-03-27 11:08:19'),
(155, 'Sausage Rice Meal', 'Sausage served with garlic rice and egg', NULL, 150.00, 'Rice Meal', 0, '2026-03-27 11:08:19'),
(156, 'Caramelized Spam Rice Meal', 'Caramelized Spam served with garlic rice and egg', NULL, 160.00, 'Rice Meal', 0, '2026-03-27 11:08:19'),
(157, 'Bacon Rice Meal', 'Bacon served with garlic rice and egg', NULL, 160.00, 'Rice Meal', 0, '2026-03-27 11:08:19'),
(158, 'Lumpia Rice Meal', 'Lumpia served with garlic rice and egg', NULL, 150.00, 'Rice Meal', 0, '2026-03-27 11:08:19'),
(159, 'Corned Beef Rice Meal', 'Corned beef served with garlic rice and egg', NULL, 160.00, 'Rice Meal', 0, '2026-03-27 11:08:19'),
(160, 'Bacon Carbonara', 'Creamy bacon carbonara pasta', NULL, 190.00, 'Pasta', 0, '2026-03-27 11:08:19'),
(161, 'Tuna Carbonara', 'Creamy tuna carbonara pasta', NULL, 170.00, 'Pasta', 0, '2026-03-27 11:08:19'),
(162, 'Clubhouse Sandwich', 'Sliced bread with ham, cheese, egg, veggies, dressing and fries on the side', NULL, 160.00, 'Bites & Treats', 0, '2026-03-27 11:08:19'),
(163, 'Tuna Melt Sandwich', 'Sliced bread with tuna, cheese, egg, veggies, dressing and fries on the side', NULL, 170.00, 'Bites & Treats', 0, '2026-03-27 11:08:19'),
(164, 'French Fries (Cheese)', 'Crispy french fries with cheese flavor', 'Frontend/uploads/menu/menu_69d0c079909327.39811927.png', 130.00, 'Bites & Treats', 1, '2026-03-27 11:08:19'),
(165, 'French Fries (BBQ)', 'Crispy french fries with BBQ flavor', 'Frontend/uploads/menu/menu_69d0bfe66f1890.15578134.png', 130.00, 'Bites & Treats', 1, '2026-03-27 11:08:19'),
(166, 'French Fries (Sour Cream)', 'Crispy french fries with sour cream flavor', 'Frontend/uploads/menu/menu_69d0bf4aa19f27.44666271.png', 130.00, 'Bites & Treats', 1, '2026-03-27 11:08:19'),
(167, 'Mini Donut Pancake (6pcs)', 'Mini donut pancakes - 6 pieces', NULL, 60.00, 'Bites & Treats', 0, '2026-03-27 11:08:19'),
(168, 'Mini Donut Pancake (12pcs)', 'Mini donut pancakes - 12 pieces', NULL, 100.00, 'Bites & Treats', 0, '2026-03-27 11:08:19'),
(169, 'Cookie (1pc)', 'Single homemade cookie', NULL, 50.00, 'Bites & Treats', 0, '2026-03-27 11:08:19'),
(170, 'Cookies (6pcs)', 'Box of 6 homemade cookies', NULL, 270.00, 'Bites & Treats', 0, '2026-03-27 11:08:19'),
(171, 'Cookies (12pcs)', 'Box of 12 homemade cookies', NULL, 520.00, 'Bites & Treats', 0, '2026-03-27 11:08:19'),
(172, 'Classic Croffle', 'Plain classic croffle', NULL, 100.00, 'Croffle', 0, '2026-03-27 11:08:19'),
(173, 'Chocolate Croffle', 'Classic croffle with chocolate', NULL, 120.00, 'Croffle', 0, '2026-03-27 11:08:19'),
(174, 'Matcha Croffle', 'Classic croffle with matcha', NULL, 130.00, 'Croffle', 0, '2026-03-27 11:08:19'),
(175, 'White Chocolate Croffle', 'Classic croffle with white chocolate', NULL, 130.00, 'Croffle', 0, '2026-03-27 11:08:19'),
(176, 'Nutella Croffle', 'Classic croffle with Nutella', NULL, 140.00, 'Croffle', 0, '2026-03-27 11:08:19'),
(177, 'Biscoff Croffle', 'Classic croffle with Biscoff', NULL, 140.00, 'Croffle', 0, '2026-03-27 11:08:19'),
(178, 'S\'mores Croffle', 'Premium croffle with melted mallows, graham and Nutella', NULL, 160.00, 'Croffle', 0, '2026-03-27 11:08:19'),
(179, 'Cookies & Cream Croffle', 'Premium croffle with whipped cream and Oreo', NULL, 160.00, 'Croffle', 0, '2026-03-27 11:08:19'),
(180, 'Tiramisu Croffle', 'Premium croffle with tiramisu cream and cocoa', NULL, 160.00, 'Croffle', 0, '2026-03-27 11:08:19'),
(181, 'Nutella Alcapone Croffle', 'Premium croffle with Nutella and sliced almond', NULL, 160.00, 'Croffle', 0, '2026-03-27 11:08:19'),
(182, 'Biscoff Premium Croffle', 'Premium croffle with whipped cream and Biscoff', 'Frontend/uploads/menu/menu_69d06d6879f759.57883275.png', 170.00, 'Croffle', 1, '2026-03-27 11:08:19'),
(183, 'Strawberry Croffle', 'Premium croffle with whipped cream and strawberry', 'Frontend/uploads/menu/menu_69d06d5c7c1c99.38523480.png', 170.00, 'Croffle', 1, '2026-03-27 11:08:19'),
(184, 'Croffle in a Box - Premium Assorted', 'Box of premium assorted croffles', 'Frontend/uploads/menu/menu_69d06d51bcc155.20638254.png', 550.00, 'Croffle Box', 1, '2026-03-27 11:08:19'),
(185, 'Croffle in a Box - 2 Premium/2 Classic', 'Box with 2 premium and 2 classic croffles', 'Frontend/uploads/menu/menu_69d06d44cf8443.16020339.png', 470.00, 'Croffle Box', 1, '2026-03-27 11:08:19'),
(186, 'Croffle in a Box - Classic Assorted', 'Box of classic assorted croffles', 'Frontend/uploads/menu/menu_69d06cf3166de4.61797937.jpg', 400.00, 'Croffle Box', 1, '2026-03-27 11:08:19');

-- --------------------------------------------------------

--
-- Table structure for table `menu_ingredients`
--

CREATE TABLE `menu_ingredients` (
  `id` int(11) NOT NULL,
  `menu_id` int(11) NOT NULL,
  `ingredient_id` int(11) NOT NULL,
  `qty_needed` decimal(10,3) DEFAULT 0.000
) ENGINE=InnoDB DEFAULT CHARSET=utf8mb4 COLLATE=utf8mb4_general_ci;

--
-- Dumping data for table `menu_ingredients`
--

INSERT INTO `menu_ingredients` (`id`, `menu_id`, `ingredient_id`, `qty_needed`) VALUES
(3, 2, 2, 1.000),
(4, 2, 10, 18.000),
(5, 2, 91, 200.000),
(6, 3, 3, 1.000),
(7, 3, 10, 22.000),
(8, 3, 91, 280.000),
(9, 4, 5, 1.000),
(10, 4, 10, 18.000),
(11, 4, 12, 120.000),
(12, 5, 2, 1.000),
(13, 5, 10, 18.000),
(14, 5, 12, 120.000),
(15, 5, 91, 200.000),
(16, 6, 3, 1.000),
(17, 6, 10, 22.000),
(18, 6, 12, 160.000),
(19, 6, 91, 280.000),
(20, 7, 5, 1.000),
(21, 7, 10, 18.000),
(22, 7, 12, 100.000),
(23, 8, 2, 1.000),
(24, 8, 10, 18.000),
(25, 8, 12, 120.000),
(26, 8, 91, 200.000),
(27, 9, 3, 1.000),
(28, 9, 10, 22.000),
(29, 9, 12, 160.000),
(30, 9, 91, 280.000),
(31, 10, 5, 1.000),
(32, 10, 10, 18.000),
(33, 10, 12, 100.000),
(34, 10, 23, 20.000),
(35, 11, 2, 1.000),
(36, 11, 10, 18.000),
(37, 11, 12, 120.000),
(38, 11, 23, 20.000),
(39, 11, 91, 200.000),
(40, 12, 3, 1.000),
(41, 12, 10, 22.000),
(42, 12, 12, 160.000),
(43, 12, 23, 25.000),
(44, 12, 91, 280.000),
(45, 13, 5, 1.000),
(46, 13, 10, 18.000),
(47, 13, 12, 120.000),
(48, 13, 24, 20.000),
(49, 14, 2, 1.000),
(50, 14, 10, 18.000),
(51, 14, 12, 120.000),
(52, 14, 24, 20.000),
(53, 14, 91, 200.000),
(54, 15, 3, 1.000),
(55, 15, 10, 22.000),
(56, 15, 12, 160.000),
(57, 15, 24, 25.000),
(58, 15, 91, 280.000),
(59, 16, 5, 1.000),
(60, 16, 10, 18.000),
(61, 16, 12, 120.000),
(62, 16, 22, 20.000),
(63, 17, 2, 1.000),
(64, 17, 10, 18.000),
(65, 17, 12, 120.000),
(66, 17, 22, 20.000),
(67, 17, 91, 200.000),
(68, 18, 3, 1.000),
(69, 18, 10, 22.000),
(70, 18, 12, 160.000),
(71, 18, 22, 25.000),
(72, 18, 91, 280.000),
(73, 19, 5, 1.000),
(74, 19, 10, 18.000),
(75, 19, 12, 120.000),
(76, 19, 21, 20.000),
(77, 20, 2, 1.000),
(78, 20, 10, 18.000),
(79, 20, 12, 120.000),
(80, 20, 21, 20.000),
(81, 20, 91, 200.000),
(82, 21, 3, 1.000),
(83, 21, 10, 22.000),
(84, 21, 12, 160.000),
(85, 21, 21, 25.000),
(86, 21, 91, 280.000),
(87, 22, 5, 1.000),
(88, 22, 10, 18.000),
(89, 22, 12, 120.000),
(90, 22, 26, 20.000),
(91, 23, 2, 1.000),
(92, 23, 10, 18.000),
(93, 23, 12, 120.000),
(94, 23, 26, 20.000),
(95, 23, 91, 200.000),
(96, 24, 3, 1.000),
(97, 24, 10, 22.000),
(98, 24, 12, 160.000),
(99, 24, 26, 25.000),
(100, 24, 91, 280.000),
(101, 25, 5, 1.000),
(102, 25, 10, 18.000),
(103, 25, 12, 120.000),
(104, 25, 28, 15.000),
(105, 26, 2, 1.000),
(106, 26, 10, 18.000),
(107, 26, 12, 120.000),
(108, 26, 28, 15.000),
(109, 26, 91, 200.000),
(110, 27, 3, 1.000),
(111, 27, 10, 22.000),
(112, 27, 12, 160.000),
(113, 27, 28, 20.000),
(114, 27, 91, 280.000),
(115, 28, 5, 1.000),
(116, 28, 10, 18.000),
(117, 28, 12, 120.000),
(118, 28, 17, 15.000),
(119, 29, 2, 1.000),
(120, 29, 10, 18.000),
(121, 29, 12, 120.000),
(122, 29, 17, 15.000),
(123, 29, 91, 200.000),
(124, 30, 3, 1.000),
(125, 30, 10, 22.000),
(126, 30, 12, 160.000),
(127, 30, 17, 20.000),
(128, 30, 91, 280.000),
(129, 31, 5, 1.000),
(130, 31, 10, 18.000),
(131, 31, 12, 100.000),
(132, 31, 18, 30.000),
(133, 32, 2, 1.000),
(134, 32, 10, 18.000),
(135, 32, 12, 100.000),
(136, 32, 18, 30.000),
(137, 32, 91, 200.000),
(138, 33, 3, 1.000),
(139, 33, 10, 22.000),
(140, 33, 12, 130.000),
(141, 33, 18, 40.000),
(142, 33, 91, 280.000),
(143, 34, 5, 1.000),
(144, 34, 10, 18.000),
(145, 34, 31, 10.000),
(146, 34, 12, 120.000),
(147, 35, 2, 1.000),
(148, 35, 10, 18.000),
(149, 35, 31, 10.000),
(150, 35, 12, 120.000),
(151, 35, 91, 200.000),
(152, 36, 3, 1.000),
(153, 36, 10, 22.000),
(154, 36, 31, 12.000),
(155, 36, 12, 160.000),
(156, 36, 91, 280.000),
(157, 37, 5, 1.000),
(158, 37, 10, 18.000),
(159, 37, 12, 120.000),
(160, 37, 66, 30.000),
(161, 38, 2, 1.000),
(162, 38, 10, 18.000),
(163, 38, 12, 120.000),
(164, 38, 66, 30.000),
(165, 38, 91, 200.000),
(166, 39, 3, 1.000),
(167, 39, 10, 22.000),
(168, 39, 12, 160.000),
(169, 39, 66, 40.000),
(170, 39, 91, 280.000),
(171, 40, 5, 1.000),
(172, 40, 10, 18.000),
(173, 40, 12, 120.000),
(174, 40, 67, 30.000),
(175, 41, 2, 1.000),
(176, 41, 10, 18.000),
(177, 41, 12, 120.000),
(178, 41, 67, 30.000),
(179, 41, 91, 200.000),
(180, 42, 3, 1.000),
(181, 42, 10, 22.000),
(182, 42, 12, 160.000),
(183, 42, 67, 40.000),
(184, 42, 91, 280.000),
(185, 43, 5, 1.000),
(186, 43, 10, 18.000),
(187, 43, 12, 120.000),
(188, 43, 29, 5.000),
(189, 44, 2, 1.000),
(190, 44, 10, 18.000),
(191, 44, 12, 120.000),
(192, 44, 29, 5.000),
(193, 44, 91, 200.000),
(194, 45, 3, 1.000),
(195, 45, 10, 22.000),
(196, 45, 12, 160.000),
(197, 45, 29, 7.000),
(198, 45, 91, 280.000),
(199, 46, 2, 1.000),
(200, 46, 16, 40.000),
(201, 46, 10, 18.000),
(202, 46, 12, 100.000),
(203, 46, 22, 20.000),
(204, 46, 91, 200.000),
(205, 47, 3, 1.000),
(206, 47, 16, 55.000),
(207, 47, 10, 22.000),
(208, 47, 12, 130.000),
(209, 47, 22, 25.000),
(210, 47, 91, 280.000),
(211, 48, 2, 1.000),
(212, 48, 16, 40.000),
(213, 48, 12, 100.000),
(214, 48, 22, 25.000),
(215, 48, 91, 200.000),
(216, 49, 3, 1.000),
(217, 49, 16, 55.000),
(218, 49, 12, 130.000),
(219, 49, 22, 35.000),
(220, 49, 91, 280.000),
(221, 50, 2, 1.000),
(222, 50, 16, 40.000),
(223, 50, 12, 100.000),
(224, 50, 68, 30.000),
(225, 50, 91, 200.000),
(226, 51, 3, 1.000),
(227, 51, 16, 55.000),
(228, 51, 12, 130.000),
(229, 51, 68, 40.000),
(230, 51, 91, 280.000),
(231, 52, 2, 1.000),
(232, 52, 16, 40.000),
(233, 52, 12, 100.000),
(234, 52, 66, 35.000),
(235, 52, 91, 200.000),
(236, 53, 3, 1.000),
(237, 53, 16, 55.000),
(238, 53, 12, 130.000),
(239, 53, 66, 45.000),
(240, 53, 91, 280.000),
(241, 54, 2, 1.000),
(242, 54, 16, 40.000),
(243, 54, 12, 100.000),
(244, 54, 67, 35.000),
(245, 54, 91, 200.000),
(246, 55, 3, 1.000),
(247, 55, 16, 55.000),
(248, 55, 12, 130.000),
(249, 55, 67, 45.000),
(250, 55, 91, 280.000),
(251, 56, 2, 1.000),
(252, 56, 16, 40.000),
(253, 56, 12, 100.000),
(254, 56, 26, 25.000),
(255, 56, 91, 200.000),
(256, 57, 3, 1.000),
(257, 57, 16, 55.000),
(258, 57, 12, 130.000),
(259, 57, 26, 35.000),
(260, 57, 91, 280.000),
(261, 58, 2, 1.000),
(262, 58, 16, 40.000),
(263, 58, 12, 100.000),
(264, 58, 23, 25.000),
(265, 58, 91, 200.000),
(266, 59, 3, 1.000),
(267, 59, 16, 55.000),
(268, 59, 12, 130.000),
(269, 59, 23, 35.000),
(270, 59, 91, 280.000),
(271, 60, 2, 1.000),
(272, 60, 16, 40.000),
(273, 60, 12, 100.000),
(274, 60, 82, 30.000),
(275, 60, 91, 200.000),
(276, 61, 3, 1.000),
(277, 61, 16, 55.000),
(278, 61, 12, 130.000),
(279, 61, 82, 40.000),
(280, 61, 91, 280.000),
(281, 62, 2, 1.000),
(282, 62, 16, 40.000),
(283, 62, 12, 100.000),
(284, 62, 35, 30.000),
(285, 62, 91, 200.000),
(286, 63, 3, 1.000),
(287, 63, 16, 55.000),
(288, 63, 12, 130.000),
(289, 63, 35, 40.000),
(290, 63, 91, 280.000),
(291, 64, 2, 1.000),
(292, 64, 16, 40.000),
(293, 64, 12, 100.000),
(294, 64, 36, 30.000),
(295, 64, 91, 200.000),
(296, 65, 3, 1.000),
(297, 65, 16, 55.000),
(298, 65, 12, 130.000),
(299, 65, 36, 40.000),
(300, 65, 91, 280.000),
(301, 66, 2, 1.000),
(302, 66, 16, 40.000),
(303, 66, 12, 100.000),
(304, 66, 21, 25.000),
(305, 66, 91, 200.000),
(306, 67, 3, 1.000),
(307, 67, 16, 55.000),
(308, 67, 12, 130.000),
(309, 67, 21, 35.000),
(310, 67, 91, 280.000),
(311, 68, 2, 1.000),
(312, 68, 16, 40.000),
(313, 68, 12, 100.000),
(314, 68, 31, 12.000),
(315, 68, 91, 200.000),
(316, 69, 3, 1.000),
(317, 69, 16, 55.000),
(318, 69, 12, 130.000),
(319, 69, 31, 15.000),
(320, 69, 91, 280.000),
(321, 70, 2, 1.000),
(322, 70, 89, 15.000),
(323, 70, 12, 120.000),
(324, 70, 17, 10.000),
(325, 70, 91, 200.000),
(326, 71, 3, 1.000),
(327, 71, 89, 20.000),
(328, 71, 12, 160.000),
(329, 71, 17, 15.000),
(330, 71, 91, 280.000),
(331, 72, 2, 1.000),
(332, 72, 90, 15.000),
(333, 72, 31, 8.000),
(334, 72, 12, 120.000),
(335, 72, 91, 200.000),
(336, 73, 3, 1.000),
(337, 73, 90, 20.000),
(338, 73, 31, 10.000),
(339, 73, 12, 160.000),
(340, 73, 91, 280.000),
(341, 74, 5, 1.000),
(342, 74, 31, 12.000),
(343, 74, 12, 150.000),
(344, 74, 17, 10.000),
(345, 75, 2, 1.000),
(346, 75, 31, 12.000),
(347, 75, 12, 150.000),
(348, 75, 17, 10.000),
(349, 75, 91, 200.000),
(350, 76, 3, 1.000),
(351, 76, 31, 15.000),
(352, 76, 12, 200.000),
(353, 76, 17, 15.000),
(354, 76, 91, 280.000),
(355, 77, 5, 1.000),
(356, 77, 12, 180.000),
(357, 77, 34, 25.000),
(358, 78, 2, 1.000),
(359, 78, 12, 150.000),
(360, 78, 34, 25.000),
(361, 78, 91, 200.000),
(362, 79, 3, 1.000),
(363, 79, 12, 200.000),
(364, 79, 34, 35.000),
(365, 79, 91, 280.000),
(366, 80, 5, 1.000),
(367, 80, 12, 180.000),
(368, 80, 36, 25.000),
(369, 81, 2, 1.000),
(370, 81, 12, 150.000),
(371, 81, 36, 25.000),
(372, 81, 91, 200.000),
(373, 82, 3, 1.000),
(374, 82, 12, 200.000),
(375, 82, 36, 35.000),
(376, 82, 91, 280.000),
(377, 83, 5, 1.000),
(378, 83, 12, 150.000),
(379, 83, 22, 30.000),
(380, 84, 2, 1.000),
(381, 84, 12, 120.000),
(382, 84, 22, 30.000),
(383, 84, 91, 200.000),
(384, 85, 3, 1.000),
(385, 85, 12, 160.000),
(386, 85, 22, 40.000),
(387, 85, 91, 280.000),
(388, 86, 5, 1.000),
(389, 86, 12, 150.000),
(390, 86, 25, 30.000),
(391, 87, 2, 1.000),
(392, 87, 12, 120.000),
(393, 87, 25, 30.000),
(394, 87, 91, 200.000),
(395, 88, 3, 1.000),
(396, 88, 12, 160.000),
(397, 88, 25, 40.000),
(398, 88, 91, 280.000),
(399, 89, 5, 1.000),
(400, 89, 31, 12.000),
(401, 89, 12, 150.000),
(402, 89, 20, 20.000),
(403, 90, 2, 1.000),
(404, 90, 31, 12.000),
(405, 90, 12, 120.000),
(406, 90, 20, 20.000),
(407, 90, 91, 200.000),
(408, 91, 3, 1.000),
(409, 91, 31, 15.000),
(410, 91, 12, 160.000),
(411, 91, 20, 25.000),
(412, 91, 91, 280.000),
(413, 92, 2, 1.000),
(414, 92, 31, 12.000),
(415, 92, 12, 100.000),
(416, 92, 27, 20.000),
(417, 92, 77, 1.000),
(418, 92, 91, 200.000),
(419, 93, 3, 1.000),
(420, 93, 31, 15.000),
(421, 93, 12, 130.000),
(422, 93, 27, 25.000),
(423, 93, 77, 1.000),
(424, 93, 91, 280.000),
(425, 94, 2, 1.000),
(426, 94, 31, 10.000),
(427, 94, 12, 100.000),
(428, 94, 35, 25.000),
(429, 94, 91, 200.000),
(430, 95, 3, 1.000),
(431, 95, 31, 12.000),
(432, 95, 12, 130.000),
(433, 95, 35, 35.000),
(434, 95, 91, 280.000),
(435, 96, 5, 1.000),
(436, 96, 33, 15.000),
(437, 96, 18, 30.000),
(438, 96, 19, 30.000),
(439, 97, 2, 1.000),
(440, 97, 33, 15.000),
(441, 97, 18, 30.000),
(442, 97, 19, 30.000),
(443, 97, 91, 200.000),
(444, 98, 3, 1.000),
(445, 98, 33, 20.000),
(446, 98, 18, 40.000),
(447, 98, 19, 40.000),
(448, 98, 91, 280.000),
(449, 99, 5, 1.000),
(450, 99, 33, 15.000),
(451, 99, 12, 120.000),
(452, 99, 37, 20.000),
(453, 100, 2, 1.000),
(454, 100, 33, 15.000),
(455, 100, 12, 120.000),
(456, 100, 37, 20.000),
(457, 100, 91, 200.000),
(458, 101, 3, 1.000),
(459, 101, 33, 20.000),
(460, 101, 12, 160.000),
(461, 101, 37, 25.000),
(462, 101, 91, 280.000),
(463, 102, 2, 1.000),
(464, 102, 33, 12.000),
(465, 102, 35, 25.000),
(466, 102, 12, 80.000),
(467, 102, 91, 200.000),
(468, 103, 3, 1.000),
(469, 103, 33, 15.000),
(470, 103, 35, 35.000),
(471, 103, 12, 100.000),
(472, 103, 91, 280.000),
(473, 104, 2, 1.000),
(474, 104, 92, 150.000),
(475, 104, 77, 1.000),
(476, 104, 20, 20.000),
(477, 104, 91, 200.000),
(478, 105, 3, 1.000),
(479, 105, 92, 200.000),
(480, 105, 77, 1.000),
(481, 105, 20, 25.000),
(482, 105, 91, 280.000),
(483, 106, 2, 1.000),
(484, 106, 92, 120.000),
(485, 106, 35, 30.000),
(486, 106, 77, 1.000),
(487, 106, 20, 15.000),
(488, 106, 91, 200.000),
(489, 107, 3, 1.000),
(490, 107, 92, 160.000),
(491, 107, 35, 40.000),
(492, 107, 77, 1.000),
(493, 107, 20, 20.000),
(494, 107, 91, 280.000),
(495, 108, 2, 1.000),
(496, 108, 92, 100.000),
(497, 108, 86, 2.000),
(498, 108, 77, 1.000),
(499, 108, 91, 200.000),
(500, 109, 3, 1.000),
(501, 109, 92, 130.000),
(502, 109, 86, 3.000),
(503, 109, 77, 1.000),
(504, 109, 91, 280.000),
(505, 110, 2, 1.000),
(506, 110, 92, 150.000),
(507, 110, 78, 30.000),
(508, 110, 20, 15.000),
(509, 110, 91, 200.000),
(510, 111, 3, 1.000),
(511, 111, 92, 200.000),
(512, 111, 78, 40.000),
(513, 111, 20, 20.000),
(514, 111, 91, 280.000),
(515, 112, 2, 1.000),
(516, 112, 75, 80.000),
(517, 112, 76, 80.000),
(518, 112, 77, 1.000),
(519, 112, 91, 150.000),
(520, 113, 3, 1.000),
(521, 113, 75, 110.000),
(522, 113, 76, 110.000),
(523, 113, 77, 1.000),
(524, 113, 91, 200.000),
(525, 114, 2, 1.000),
(526, 114, 78, 60.000),
(527, 114, 77, 1.000),
(528, 114, 79, 5.000),
(529, 114, 80, 5.000),
(530, 114, 91, 150.000),
(531, 115, 3, 1.000),
(532, 115, 78, 80.000),
(533, 115, 77, 1.000),
(534, 115, 79, 7.000),
(535, 115, 80, 7.000),
(536, 115, 91, 200.000),
(537, 116, 2, 1.000),
(538, 116, 72, 80.000),
(539, 116, 76, 50.000),
(540, 116, 77, 1.000),
(541, 116, 80, 5.000),
(542, 116, 91, 150.000),
(543, 117, 3, 1.000),
(544, 117, 72, 110.000),
(545, 117, 76, 70.000),
(546, 117, 77, 1.000),
(547, 117, 80, 7.000),
(548, 117, 91, 200.000),
(549, 118, 2, 1.000),
(550, 118, 75, 80.000),
(551, 118, 78, 50.000),
(552, 118, 79, 5.000),
(553, 118, 91, 150.000),
(554, 119, 3, 1.000),
(555, 119, 75, 110.000),
(556, 119, 78, 70.000),
(557, 119, 79, 7.000),
(558, 119, 91, 200.000),
(559, 120, 2, 1.000),
(560, 120, 72, 150.000),
(561, 120, 12, 80.000),
(562, 120, 20, 15.000),
(563, 120, 91, 200.000),
(564, 121, 3, 1.000),
(565, 121, 72, 200.000),
(566, 121, 12, 100.000),
(567, 121, 20, 20.000),
(568, 121, 91, 280.000),
(569, 122, 2, 1.000),
(570, 122, 73, 2.000),
(571, 122, 12, 100.000),
(572, 122, 20, 15.000),
(573, 122, 91, 200.000),
(574, 123, 3, 1.000),
(575, 123, 73, 3.000),
(576, 123, 12, 130.000),
(577, 123, 20, 20.000),
(578, 123, 91, 280.000),
(579, 124, 2, 1.000),
(580, 124, 74, 150.000),
(581, 124, 12, 80.000),
(582, 124, 18, 30.000),
(583, 124, 91, 200.000),
(584, 125, 3, 1.000),
(585, 125, 74, 200.000),
(586, 125, 12, 100.000),
(587, 125, 18, 40.000),
(588, 125, 91, 280.000),
(589, 126, 2, 1.000),
(590, 126, 72, 100.000),
(591, 126, 73, 1.000),
(592, 126, 12, 80.000),
(593, 126, 91, 200.000),
(594, 127, 3, 1.000),
(595, 127, 72, 130.000),
(596, 127, 73, 2.000),
(597, 127, 12, 100.000),
(598, 127, 91, 280.000),
(599, 128, 2, 1.000),
(600, 128, 73, 2.000),
(601, 128, 82, 30.000),
(602, 128, 12, 80.000),
(603, 128, 91, 200.000),
(604, 129, 3, 1.000),
(605, 129, 73, 3.000),
(606, 129, 82, 40.000),
(607, 129, 12, 100.000),
(608, 129, 91, 280.000),
(609, 130, 2, 1.000),
(610, 130, 73, 2.000),
(611, 130, 81, 40.000),
(612, 130, 12, 100.000),
(613, 130, 91, 200.000),
(614, 131, 3, 1.000),
(615, 131, 73, 3.000),
(616, 131, 81, 55.000),
(617, 131, 12, 130.000),
(618, 131, 91, 280.000),
(619, 132, 2, 1.000),
(620, 132, 22, 25.000),
(621, 132, 82, 30.000),
(622, 132, 12, 100.000),
(623, 132, 83, 20.000),
(624, 132, 91, 200.000),
(625, 133, 3, 1.000),
(626, 133, 22, 35.000),
(627, 133, 82, 40.000),
(628, 133, 12, 130.000),
(629, 133, 83, 25.000),
(630, 133, 91, 280.000),
(631, 134, 2, 1.000),
(632, 134, 35, 50.000),
(633, 134, 73, 1.000),
(634, 134, 12, 80.000),
(635, 134, 83, 20.000),
(636, 134, 91, 200.000),
(637, 135, 3, 1.000),
(638, 135, 35, 70.000),
(639, 135, 73, 2.000),
(640, 135, 12, 100.000),
(641, 135, 83, 25.000),
(642, 135, 91, 280.000),
(643, 136, 2, 1.000),
(644, 136, 72, 150.000),
(645, 136, 12, 80.000),
(646, 136, 83, 20.000),
(647, 136, 91, 200.000),
(648, 137, 3, 1.000),
(649, 137, 72, 200.000),
(650, 137, 12, 100.000),
(651, 137, 83, 25.000),
(652, 137, 91, 280.000),
(653, 138, 93, 1.000),
(654, 139, 94, 1.000),
(655, 140, 95, 1.000),
(656, 141, 96, 1.000),
(658, 143, 97, 150.000),
(659, 144, 97, 750.000),
(660, 145, 77, 2.000),
(661, 145, 20, 20.000),
(662, 146, 102, 15.000),
(663, 146, 91, 200.000),
(664, 147, 84, 100.000),
(665, 147, 103, 30.000),
(666, 147, 91, 200.000),
(667, 148, 98, 1.000),
(668, 149, 99, 1.000),
(669, 150, 100, 1.000),
(670, 151, 101, 1.000),
(671, 152, 53, 200.000),
(672, 152, 39, 1.000),
(673, 152, 54, 2.000),
(674, 152, 52, 5.000),
(675, 153, 53, 200.000),
(676, 153, 39, 1.000),
(677, 153, 55, 100.000),
(678, 153, 52, 5.000),
(679, 154, 53, 200.000),
(680, 154, 39, 1.000),
(681, 154, 56, 100.000),
(682, 154, 52, 5.000),
(683, 155, 53, 200.000),
(684, 155, 39, 1.000),
(685, 155, 57, 2.000),
(686, 155, 52, 5.000),
(687, 156, 53, 200.000),
(688, 156, 39, 1.000),
(689, 156, 58, 100.000),
(690, 156, 37, 10.000),
(691, 156, 52, 5.000),
(692, 157, 53, 200.000),
(693, 157, 39, 1.000),
(694, 157, 59, 80.000),
(695, 157, 52, 5.000),
(696, 158, 53, 200.000),
(697, 158, 39, 1.000),
(698, 158, 60, 3.000),
(699, 158, 52, 5.000),
(700, 159, 53, 200.000),
(701, 159, 39, 1.000),
(702, 159, 61, 100.000),
(703, 159, 52, 5.000),
(704, 160, 62, 150.000),
(705, 160, 59, 60.000),
(706, 160, 63, 80.000),
(707, 160, 39, 1.000),
(708, 160, 41, 20.000),
(709, 160, 64, 15.000),
(710, 161, 62, 150.000),
(711, 161, 45, 80.000),
(712, 161, 63, 80.000),
(713, 161, 39, 1.000),
(714, 161, 41, 20.000),
(715, 161, 64, 15.000),
(716, 162, 38, 3.000),
(717, 162, 40, 50.000),
(718, 162, 41, 20.000),
(719, 162, 39, 1.000),
(720, 162, 42, 10.000),
(721, 162, 43, 20.000),
(722, 162, 44, 15.000),
(723, 162, 46, 100.000),
(724, 163, 38, 2.000),
(725, 163, 45, 60.000),
(726, 163, 41, 25.000),
(727, 163, 39, 1.000),
(728, 163, 42, 10.000),
(729, 163, 43, 20.000),
(730, 163, 44, 15.000),
(731, 163, 46, 100.000),
(738, 167, 50, 80.000),
(739, 167, 39, 1.000),
(740, 168, 50, 160.000),
(741, 168, 39, 2.000),
(742, 169, 51, 50.000),
(743, 170, 51, 300.000),
(744, 171, 51, 600.000),
(745, 172, 65, 100.000),
(746, 173, 65, 100.000),
(747, 173, 22, 25.000),
(748, 174, 65, 100.000),
(749, 174, 31, 10.000),
(750, 175, 65, 100.000),
(751, 175, 25, 25.000),
(752, 176, 65, 100.000),
(753, 176, 66, 35.000),
(754, 177, 65, 100.000),
(755, 177, 67, 35.000),
(756, 178, 65, 100.000),
(757, 178, 70, 30.000),
(758, 178, 69, 20.000),
(759, 178, 66, 25.000),
(760, 179, 65, 100.000),
(761, 179, 14, 20.000),
(762, 179, 68, 25.000),
(763, 180, 65, 100.000),
(764, 180, 28, 15.000),
(765, 180, 30, 5.000),
(766, 181, 65, 100.000),
(767, 181, 66, 35.000),
(768, 181, 71, 10.000),
(781, 142, 93, 5.000),
(802, 1, 5, 1.000),
(803, 1, 10, 18.000),
(822, 186, 65, 400.000),
(823, 185, 65, 400.000),
(824, 184, 65, 400.000),
(825, 183, 65, 100.000),
(826, 183, 14, 20.000),
(827, 183, 35, 30.000),
(828, 182, 67, 35.000),
(829, 182, 65, 100.000),
(830, 182, 14, 20.000),
(831, 166, 46, 150.000),
(832, 166, 49, 10.000),
(833, 165, 48, 10.000),
(834, 165, 46, 150.000),
(835, 164, 47, 10.000),
(836, 164, 46, 150.000);

-- --------------------------------------------------------

--
-- Table structure for table `orders`
--

CREATE TABLE `orders` (
  `id` int(11) NOT NULL,
  `table_no` varchar(10) DEFAULT NULL,
  `user_id` int(11) DEFAULT NULL,
  `status` varchar(20) DEFAULT 'pending',
  `total_amt` decimal(10,2) DEFAULT 0.00,
  `discount_amt` decimal(10,2) DEFAULT 0.00,
  `discount_type` varchar(20) DEFAULT NULL,
  `created_at` datetime DEFAULT current_timestamp()
) ENGINE=InnoDB DEFAULT CHARSET=utf8mb4 COLLATE=utf8mb4_general_ci;

--
-- Dumping data for table `orders`
--

INSERT INTO `orders` (`id`, `table_no`, `user_id`, `status`, `total_amt`, `discount_amt`, `discount_type`, `created_at`) VALUES
(1, '01', NULL, 'pending', 393.90, 0.00, NULL, '2026-03-27 11:11:28'),
(2, '01', NULL, 'pending', 161.60, 0.00, NULL, '2026-04-03 12:05:55'),
(3, '01', NULL, 'pending', 120.00, 0.00, NULL, '2026-04-03 12:14:29'),
(4, '02', NULL, 'pending', 340.00, 0.00, NULL, '2026-04-04 15:19:41'),
(5, '05', NULL, 'pending', 390.00, 0.00, NULL, '2026-04-04 15:41:07'),
(6, '01', NULL, 'refunded', 130.00, 0.00, NULL, '2026-04-08 16:50:52'),
(7, '01', NULL, 'refunded', 170.00, 0.00, NULL, '2026-04-08 17:22:18'),
(8, '01', NULL, 'done', 680.00, 0.00, NULL, '2026-04-10 10:55:38'),
(9, '01', NULL, 'Done', 1340.00, 0.00, NULL, '2026-04-18 18:21:11'),
(10, '02', NULL, 'Done', 400.00, 0.00, NULL, '2026-04-18 18:23:25'),
(11, '03', NULL, 'Done', 400.00, 0.00, NULL, '2026-04-18 18:29:32'),
(12, '01', NULL, 'Done', 400.00, 0.00, NULL, '2026-04-18 18:36:54'),
(13, '01', NULL, 'Done', 400.00, 0.00, NULL, '2026-04-18 18:38:32'),
(14, '01', NULL, 'Done', 400.00, 0.00, NULL, '2026-04-18 18:51:28'),
(15, '31', NULL, 'refunded', 170.00, 0.00, NULL, '2026-04-18 18:58:18'),
(16, '01', NULL, 'Done', 315.00, 0.00, NULL, '2026-04-25 07:26:42'),
(17, '01', NULL, 'Done', 340.00, 0.00, NULL, '2026-04-25 07:41:08'),
(18, '01', NULL, 'Done', 170.00, 0.00, NULL, '2026-04-25 07:43:20'),
(19, '01', NULL, 'Done', 170.00, 0.00, NULL, '2026-04-25 07:44:23'),
(20, '01', NULL, 'Done', 170.00, 0.00, NULL, '2026-04-25 08:06:16'),
(21, '01', NULL, 'Done', 170.00, 0.00, NULL, '2026-04-25 08:07:04'),
(30, '01', NULL, 'Done', 170.00, 0.00, NULL, '2026-04-25 09:03:16'),
(31, '01', NULL, 'Done', 340.00, 0.00, NULL, '2026-04-25 09:04:01'),
(32, '01', NULL, 'Done', 130.00, 0.00, NULL, '2026-04-25 10:51:09'),
(33, '01', NULL, 'refunded', 215.00, 0.00, NULL, '2026-04-25 10:56:42'),
(34, '01', NULL, 'Done', 185.00, 0.00, NULL, '2026-04-25 10:57:02'),
(35, '01', NULL, 'Done', 170.00, 0.00, NULL, '2026-04-25 15:56:47'),
(36, '01', NULL, 'Done', 1680.00, 0.00, NULL, '2026-04-29 13:54:03'),
(37, '01', NULL, 'Done', 376.00, 0.00, NULL, '2026-04-29 13:58:05'),
(38, '01', NULL, 'Done', 376.00, 0.00, NULL, '2026-04-29 14:48:03'),
(39, '01', NULL, 'Done', 136.00, 0.00, NULL, '2026-04-29 14:58:09'),
(40, '01', NULL, 'Done', 245.00, 0.00, NULL, '2026-04-29 15:02:53'),
(41, '01', NULL, 'Done', 184.00, 46.00, 'senior', '2026-04-29 15:27:00'),
(42, '01', NULL, 'Done', 412.00, 103.00, 'pwd', '2026-04-29 15:27:44'),
(43, '01', NULL, 'Done', 530.00, 0.00, '', '2026-04-29 15:48:18'),
(44, '01', NULL, 'Done', 175.00, 0.00, '', '2026-04-29 16:42:59'),
(45, '01', NULL, 'Done', 172.00, 43.00, 'pwd', '2026-04-30 11:36:16'),
(46, '01', NULL, 'Done', 400.00, 0.00, '', '2026-04-30 15:46:59'),
(47, '01', NULL, 'Done', 640.00, 0.00, '', '2026-05-01 21:43:01'),
(49, '01', NULL, 'Done', 130.00, 0.00, '', '2026-05-02 13:21:04'),
(50, '01', NULL, 'Done', 172.00, 43.00, 'pwd', '2026-05-02 13:33:17'),
(51, '01', NULL, 'Done', 140.00, 35.00, 'senior', '2026-05-02 13:42:46'),
(52, '01', NULL, 'Done', 470.00, 0.00, '', '2026-05-02 13:45:14'),
(53, '01', NULL, 'Done', 130.00, 0.00, '', '2026-05-02 13:45:36'),
(54, '01', NULL, 'Done', 170.00, 0.00, '', '2026-05-02 13:49:20'),
(55, '01', NULL, 'Done', 130.00, 0.00, '', '2026-05-02 13:57:11'),
(56, '01', NULL, 'Done', 130.00, 0.00, '', '2026-05-02 14:01:26'),
(57, '01', NULL, 'Done', 130.00, 0.00, '', '2026-05-02 14:36:28'),
(58, '01', NULL, 'Done', 130.00, 0.00, '', '2026-05-02 14:37:18'),
(59, '01', NULL, 'Done', 130.00, 0.00, '', '2026-05-02 16:31:10'),
(60, '01', NULL, 'Done', 400.00, 0.00, '', '2026-05-02 16:32:06'),
(61, '01', 5, 'Done', 470.00, 0.00, '', '2026-05-02 16:36:01'),
(62, '01', 4, 'Done', 130.00, 0.00, '', '2026-05-02 16:40:13'),
(63, '01', 1, 'Done', 485.00, 0.00, '', '2026-05-02 16:56:24'),
(64, '01', 4, 'Done', 550.00, 0.00, '', '2026-05-02 16:58:27'),
(65, '01', 5, 'Done', 130.00, 0.00, '', '2026-05-02 16:59:10'),
(66, '01', 1, 'Done', 400.00, 0.00, '', '2026-05-02 17:27:43'),
(67, '01', 5, 'Done', 470.00, 0.00, '', '2026-05-02 17:51:16'),
(68, '01', 1, 'Done', 130.00, 0.00, '', '2026-05-02 17:51:48'),
(69, '01', 5, 'Done', 170.00, 0.00, '', '2026-05-02 17:55:49'),
(70, '01', 5, 'Done', 600.00, 0.00, '', '2026-05-02 18:15:46'),
(71, '01', 4, 'Done', 415.00, 0.00, '', '2026-05-02 18:16:36'),
(72, '01', 5, 'Done', 172.00, 43.00, 'senior', '2026-05-02 20:47:43'),
(73, '01', 5, 'Done', 215.00, 0.00, '', '2026-05-02 20:54:45'),
(74, '01', 5, 'refunded', 130.00, 0.00, '', '2026-05-03 09:47:37'),
(75, '01', 5, 'refunded', 148.00, 37.00, 'pwd', '2026-05-03 09:53:49'),
(76, '01', 5, 'voided', 145.00, 0.00, '', '2026-05-03 09:54:39'),
(77, '01', 4, 'Done', 116.00, 29.00, 'senior', '2026-05-03 10:01:51'),
(78, '01', 5, 'refunded', 116.00, 29.00, 'senior', '2026-05-09 19:11:04'),
(79, '01', 5, 'voided', 485.00, 0.00, '', '2026-05-09 19:12:51'),
(80, '01', 5, 'Done', 170.00, 0.00, '', '2026-05-12 13:01:54'),
(81, '01', 5, 'Done', 260.00, 0.00, '', '2026-05-12 13:02:12'),
(82, '01', 5, 'Done', 170.00, 0.00, '', '2026-05-12 13:02:52'),
(83, '01', 5, 'Done', 130.00, 0.00, '', '2026-05-12 13:03:16'),
(84, '01', 5, 'Done', 170.00, 0.00, '', '2026-05-12 13:29:36'),
(85, '01', 5, 'Done', 550.00, 0.00, '', '2026-05-12 13:36:29'),
(86, '01', 5, 'Done', 130.00, 0.00, '', '2026-05-12 13:38:03'),
(87, '01', 5, 'Done', 170.00, 0.00, '', '2026-05-12 13:48:14'),
(88, '01', 5, 'voided', 130.00, 0.00, '', '2026-05-12 13:49:09'),
(89, '01', 5, 'Done', 550.00, 0.00, '', '2026-05-12 14:13:47'),
(90, '01', 5, 'Done', 470.00, 0.00, '', '2026-05-13 11:16:02'),
(91, '01', 5, 'Done', 170.00, 0.00, '', '2026-05-13 11:56:18'),
(92, '01', 5, 'Done', 170.00, 0.00, '', '2026-05-14 14:40:09'),
(93, '01', 5, 'Done', 170.00, 0.00, '', '2026-05-14 14:40:40'),
(94, '01', 5, 'Done', 470.00, 0.00, '', '2026-05-14 14:45:11'),
(95, '01', 5, 'Done', 170.00, 0.00, '', '2026-05-14 14:45:48'),
(96, '01', 5, 'Done', 550.00, 0.00, '', '2026-05-14 14:46:55'),
(97, '01', 5, 'Done', 400.00, 0.00, '', '2026-05-14 14:48:07'),
(98, '01', 5, 'Done', 130.00, 0.00, '', '2026-05-14 14:48:38'),
(99, '01', 5, 'Done', 170.00, 0.00, '', '2026-05-14 14:52:50'),
(100, '01', 5, 'Done', 470.00, 0.00, '', '2026-05-14 14:57:42'),
(101, '01', 5, 'Done', 130.00, 0.00, '', '2026-05-14 14:59:25'),
(102, '01', 5, 'Done', 170.00, 0.00, '', '2026-05-14 15:00:04'),
(103, '01', 5, 'Done', 470.00, 0.00, '', '2026-05-15 14:28:16'),
(104, '01', 5, 'Done', 170.00, 0.00, '', '2026-05-15 14:47:56'),
(105, '01', 5, 'Done', 470.00, 0.00, '', '2026-05-15 14:56:03'),
(106, '01', 5, 'Done', 550.00, 0.00, '', '2026-05-15 15:01:00'),
(107, '01', 5, 'Done', 170.00, 0.00, '', '2026-05-15 15:02:50'),
(108, '01', 5, 'Done', 550.00, 0.00, '', '2026-05-15 15:04:06'),
(109, '01', 5, 'Done', 470.00, 0.00, '', '2026-05-15 15:16:57'),
(110, '01', 5, 'Done', 550.00, 0.00, '', '2026-05-17 16:19:57'),
(111, '01', 5, 'Done', 400.00, 0.00, '', '2026-05-17 16:20:23'),
(112, '01', 5, 'Done', 400.00, 0.00, '', '2026-05-17 16:21:31'),
(113, '01', 5, 'Done', 550.00, 0.00, '', '2026-05-17 16:22:03'),
(114, '12', 5, 'Done', 530.00, 0.00, '', '2026-05-17 16:29:03'),
(115, '01', 5, 'Done', 300.00, 0.00, '', '2026-05-17 16:30:39'),
(116, '01', 5, 'Done', 260.00, 0.00, '', '2026-05-17 16:34:19'),
(117, '01', 5, 'Done', 170.00, 0.00, '', '2026-05-20 12:25:50'),
(118, '01', 5, 'Done', 550.00, 0.00, '', '2026-05-20 12:29:40'),
(119, '01', 5, 'Done', 176.00, 44.00, 'senior', '2026-05-20 12:36:52'),
(120, '01', 5, 'Done', 170.00, 0.00, '', '2026-05-20 12:37:24');

-- --------------------------------------------------------

--
-- Table structure for table `order_items`
--

CREATE TABLE `order_items` (
  `id` int(11) NOT NULL,
  `order_id` int(11) NOT NULL,
  `menu_id` int(11) NOT NULL,
  `qty` int(11) DEFAULT 1,
  `unit_price` decimal(10,2) DEFAULT 0.00,
  `removed_ingredient_ids` longtext CHARACTER SET utf8mb4 COLLATE utf8mb4_bin DEFAULT NULL CHECK (json_valid(`removed_ingredient_ids`)),
  `removed_ingredient_names` text DEFAULT NULL,
  `addons` text DEFAULT NULL,
  `notes` text DEFAULT NULL
) ENGINE=InnoDB DEFAULT CHARSET=utf8mb4 COLLATE=utf8mb4_general_ci;

--
-- Dumping data for table `order_items`
--

INSERT INTO `order_items` (`id`, `order_id`, `menu_id`, `qty`, `unit_price`, `removed_ingredient_ids`, `removed_ingredient_names`, `addons`, `notes`) VALUES
(1, 1, 166, 3, 130.00, NULL, NULL, NULL, NULL),
(2, 2, 26, 1, 160.00, NULL, NULL, NULL, NULL),
(3, 3, 4, 1, 120.00, NULL, NULL, NULL, NULL),
(4, 4, 183, 1, 170.00, NULL, NULL, NULL, NULL),
(5, 4, 182, 1, 170.00, NULL, NULL, NULL, NULL),
(6, 5, 165, 1, 130.00, NULL, NULL, NULL, NULL),
(7, 5, 164, 1, 130.00, NULL, NULL, NULL, NULL),
(8, 5, 166, 1, 130.00, NULL, NULL, NULL, NULL),
(9, 6, 166, 1, 130.00, NULL, NULL, NULL, NULL),
(10, 7, 183, 1, 170.00, NULL, NULL, NULL, NULL),
(11, 8, 165, 1, 130.00, NULL, NULL, NULL, NULL),
(12, 8, 184, 1, 550.00, NULL, NULL, NULL, NULL),
(13, 9, 186, 1, 400.00, NULL, NULL, NULL, NULL),
(14, 9, 185, 2, 470.00, NULL, NULL, NULL, NULL),
(15, 10, 186, 1, 400.00, NULL, NULL, NULL, NULL),
(16, 11, 186, 1, 400.00, NULL, NULL, NULL, NULL),
(17, 12, 186, 1, 400.00, NULL, NULL, NULL, NULL),
(18, 13, 186, 1, 400.00, NULL, NULL, NULL, NULL),
(19, 14, 186, 1, 400.00, NULL, NULL, NULL, NULL),
(20, 15, 182, 1, 170.00, NULL, NULL, NULL, NULL),
(21, 16, 164, 1, 130.00, NULL, NULL, NULL, NULL),
(22, 16, 166, 1, 185.00, NULL, NULL, NULL, NULL),
(23, 17, 183, 1, 170.00, NULL, NULL, NULL, NULL),
(24, 17, 183, 1, 170.00, NULL, NULL, NULL, NULL),
(25, 18, 183, 1, 170.00, NULL, NULL, NULL, NULL),
(26, 19, 183, 1, 170.00, NULL, NULL, NULL, NULL),
(27, 20, 182, 1, 170.00, NULL, NULL, NULL, NULL),
(28, 21, 182, 1, 170.00, NULL, NULL, NULL, NULL),
(29, 30, 183, 1, 170.00, '[35]', NULL, NULL, NULL),
(30, 31, 183, 1, 170.00, '[35]', NULL, NULL, NULL),
(31, 31, 183, 1, 170.00, '[]', NULL, NULL, NULL),
(32, 32, 166, 1, 130.00, '[]', NULL, NULL, NULL),
(33, 33, 183, 1, 215.00, '[35]', NULL, NULL, NULL),
(34, 34, 182, 1, 185.00, '[14]', NULL, NULL, NULL),
(35, 35, 182, 1, 170.00, '[]', NULL, NULL, NULL),
(36, 36, 184, 1, 550.00, '[]', NULL, NULL, NULL),
(37, 36, 166, 3, 130.00, '[]', NULL, NULL, NULL),
(38, 36, 186, 1, 400.00, '[]', NULL, NULL, NULL),
(39, 36, 183, 1, 170.00, '[]', NULL, NULL, NULL),
(40, 36, 182, 1, 170.00, '[]', NULL, NULL, NULL),
(41, 37, 185, 1, 470.00, '[]', NULL, NULL, NULL),
(42, 38, 185, 1, 470.00, '[]', NULL, NULL, NULL),
(43, 39, 183, 1, 170.00, '[]', NULL, NULL, NULL),
(44, 40, 183, 1, 245.00, '[65]', NULL, NULL, NULL),
(45, 41, 183, 1, 230.00, '[14]', '[\"Ever Whip\"]', 'Ice Cream Scoop (+₱45), Extra Drizzle (+₱15)', ''),
(46, 42, 185, 1, 515.00, '[]', '[]', 'Ice Cream Scoop (+₱45)', ''),
(47, 43, 185, 1, 530.00, '[]', '[]', 'Ice Cream Scoop (+₱45), Extra Drizzle (+₱15)', ''),
(48, 44, 164, 1, 175.00, '[47]', '[\"Cheese Powder\"]', 'Extra Serving (+₱45)', ''),
(49, 45, 183, 1, 215.00, '[35]', '[\"Strawberry Puree\"]', 'Ice Cream Scoop (+₱45)', ''),
(50, 46, 186, 1, 400.00, '[]', '[]', '', ''),
(51, 47, 183, 1, 170.00, '[]', '[]', '', ''),
(52, 47, 185, 1, 470.00, '[]', '[]', '', ''),
(54, 49, 164, 1, 130.00, '[]', '[]', '', ''),
(55, 50, 183, 1, 215.00, '[35]', '[\"Strawberry Puree\"]', 'Ice Cream Scoop (+₱45)', ''),
(56, 51, 164, 1, 175.00, '[47]', '[\"Cheese Powder\"]', 'Extra Serving (+₱45)', ''),
(57, 52, 185, 1, 470.00, '[]', '[]', '', ''),
(58, 53, 166, 1, 130.00, '[]', '[]', '', ''),
(59, 54, 183, 1, 170.00, '[]', '[]', '', ''),
(60, 55, 166, 1, 130.00, '[]', '[]', '', ''),
(61, 56, 164, 1, 130.00, '[]', '[]', '', ''),
(62, 57, 166, 1, 130.00, '[]', '[]', '', ''),
(63, 58, 166, 1, 130.00, '[]', '[]', '', ''),
(64, 59, 164, 1, 130.00, '[]', '[]', '', ''),
(65, 60, 186, 1, 400.00, '[]', '[]', '', ''),
(66, 61, 185, 1, 470.00, '[]', '[]', '', ''),
(67, 62, 166, 1, 130.00, '[]', '[]', '', ''),
(68, 63, 185, 1, 485.00, '[]', '[]', 'Whipped Cream (+₱15)', ''),
(69, 64, 184, 1, 550.00, '[]', '[]', '', ''),
(70, 65, 166, 1, 130.00, '[]', '[]', '', ''),
(71, 66, 186, 1, 400.00, '[]', '[]', '', ''),
(72, 67, 185, 1, 470.00, '[]', '[]', '', ''),
(73, 68, 164, 1, 130.00, '[]', '[]', '', ''),
(74, 69, 182, 1, 170.00, '[]', '[]', '', ''),
(75, 70, 185, 1, 470.00, '[]', '[]', '', ''),
(76, 70, 166, 1, 130.00, '[]', '[]', '', ''),
(77, 71, 186, 1, 415.00, '[]', '[]', 'Extra Drizzle (+₱15)', ''),
(78, 72, 183, 1, 215.00, '[14]', '[\"Ever Whip\"]', 'Ice Cream Scoop (+₱45)', ''),
(79, 73, 182, 1, 215.00, '[]', '[]', 'Ice Cream Scoop (+₱45)', ''),
(80, 74, 166, 1, 130.00, '[]', '[]', '', ''),
(81, 75, 183, 1, 185.00, '[35]', '[\"Strawberry Puree\"]', 'Extra Drizzle (+₱15)', ''),
(82, 76, 164, 1, 145.00, '[46]', '[\"Frozen Fries\"]', 'Extra Dip (+₱15)', ''),
(83, 77, 166, 1, 145.00, '[49]', '[\"Sour Cream Powder\"]', 'Extra Dip (+₱15)', ''),
(84, 78, 166, 1, 145.00, '[49]', '[\"Sour Cream Powder\"]', 'Extra Dip (+₱15)', ''),
(85, 79, 185, 1, 485.00, '[]', '[]', 'Extra Drizzle (+₱15)', ''),
(86, 80, 183, 1, 170.00, '[]', '[]', '', ''),
(87, 81, 166, 2, 130.00, '[]', '[]', '', ''),
(88, 82, 183, 1, 170.00, '[]', '[]', '', ''),
(89, 83, 164, 1, 130.00, '[]', '[]', '', ''),
(90, 84, 183, 1, 170.00, '[]', '[]', '', ''),
(91, 85, 184, 1, 550.00, '[]', '[]', '', ''),
(92, 86, 164, 1, 130.00, '[]', '[]', '', ''),
(93, 87, 183, 1, 170.00, '[]', '[]', '', ''),
(94, 88, 166, 1, 130.00, '[]', '[]', '', ''),
(95, 89, 184, 1, 550.00, '[]', '[]', '', ''),
(96, 90, 185, 1, 470.00, '[]', '[]', '', ''),
(97, 91, 182, 1, 170.00, '[]', '[]', '', ''),
(98, 92, 183, 1, 170.00, '[]', '[]', '', ''),
(99, 93, 183, 1, 170.00, '[]', '[]', '', ''),
(100, 94, 185, 1, 470.00, '[]', '[]', '', ''),
(101, 95, 183, 1, 170.00, '[]', '[]', '', ''),
(102, 96, 184, 1, 550.00, '[]', '[]', '', ''),
(103, 97, 186, 1, 400.00, '[]', '[]', '', ''),
(104, 98, 164, 1, 130.00, '[]', '[]', '', ''),
(105, 99, 182, 1, 170.00, '[]', '[]', '', ''),
(106, 100, 185, 1, 470.00, '[]', '[]', '', ''),
(107, 101, 166, 1, 130.00, '[]', '[]', '', ''),
(108, 102, 182, 1, 170.00, '[]', '[]', '', ''),
(109, 103, 185, 1, 470.00, '[]', '[]', '', ''),
(110, 104, 183, 1, 170.00, '[]', '[]', '', ''),
(111, 105, 185, 1, 470.00, '[]', '[]', '', ''),
(112, 106, 184, 1, 550.00, '[]', '[]', '', ''),
(113, 107, 183, 1, 170.00, '[]', '[]', '', ''),
(114, 108, 184, 1, 550.00, '[]', '[]', '', ''),
(115, 109, 185, 1, 470.00, '[]', '[]', '', ''),
(116, 110, 184, 1, 550.00, '[]', '[]', '', ''),
(117, 111, 186, 1, 400.00, '[]', '[]', '', ''),
(118, 112, 186, 1, 400.00, '[]', '[]', '', ''),
(119, 113, 184, 1, 550.00, '[]', '[]', '', ''),
(120, 114, 186, 1, 400.00, '[]', '[]', '', ''),
(121, 114, 166, 1, 130.00, '[]', '[]', '', ''),
(122, 115, 183, 1, 170.00, '[]', '[]', '', ''),
(123, 115, 166, 1, 130.00, '[]', '[]', '', ''),
(124, 116, 166, 1, 130.00, '[]', '[]', '', ''),
(125, 116, 164, 1, 130.00, '[]', '[]', '', ''),
(126, 117, 183, 1, 170.00, '[]', '[]', '', ''),
(127, 118, 184, 1, 550.00, '[]', '[]', '', ''),
(128, 119, 182, 1, 220.00, '[]', '[]', 'Extra Drizzle (+₱15), Fresh Berries (+₱35)', ''),
(129, 120, 182, 1, 170.00, '[65,14]', '[\"Croffle Dough\",\"Ever Whip\"]', '', '');

-- --------------------------------------------------------

--
-- Table structure for table `order_refunds`
--

CREATE TABLE `order_refunds` (
  `id` int(11) NOT NULL,
  `order_id` int(11) NOT NULL,
  `action` enum('void','refund') NOT NULL,
  `refund_amt` decimal(10,2) NOT NULL DEFAULT 0.00,
  `reason` varchar(255) DEFAULT NULL,
  `items_json` text DEFAULT NULL,
  `created_by` varchar(100) DEFAULT NULL,
  `created_at` datetime DEFAULT current_timestamp()
) ENGINE=InnoDB DEFAULT CHARSET=utf8mb4 COLLATE=utf8mb4_general_ci;

--
-- Dumping data for table `order_refunds`
--

INSERT INTO `order_refunds` (`id`, `order_id`, `action`, `refund_amt`, `reason`, `items_json`, `created_by`, `created_at`) VALUES
(1, 6, 'refund', 130.00, 'change', '[{\"menu_id\":166,\"qty\":1}]', 'staff', '2026-04-08 17:11:01'),
(2, 7, 'refund', 170.00, '', '[{\"menu_id\":183,\"qty\":1}]', 'staff', '2026-04-08 17:23:01'),
(3, 15, 'refund', 170.00, '', '[{\"menu_id\":182,\"qty\":1}]', 'staff', '2026-04-18 19:00:10'),
(4, 33, 'refund', 215.00, '', '[{\"menu_id\":183,\"qty\":1,\"removed_ingredient_ids\":[35]}]', 'staff', '2026-04-25 10:58:14'),
(5, 74, 'refund', 130.00, '', '[{\"menu_id\":166,\"qty\":1,\"removed_ingredient_ids\":[]}]', 'staff', '2026-05-03 09:47:55'),
(6, 75, 'refund', 148.00, '', '[{\"menu_id\":183,\"qty\":1,\"removed_ingredient_ids\":[35]}]', 'Sean Peniero', '2026-05-03 09:54:14'),
(7, 76, 'void', 145.00, '', '[{\"menu_id\":164,\"qty\":1,\"removed_ingredient_ids\":[46]}]', 'Sean Peniero', '2026-05-03 09:54:51'),
(8, 78, 'refund', 116.00, '', '[{\"menu_id\":166,\"qty\":1,\"removed_ingredient_ids\":[49]}]', 'Sean Peniero', '2026-05-09 19:12:25'),
(9, 79, 'void', 485.00, '', '[{\"menu_id\":185,\"qty\":1,\"removed_ingredient_ids\":[]}]', 'Sean Peniero', '2026-05-09 19:13:50'),
(10, 88, 'void', 130.00, '', '[{\"menu_id\":166,\"qty\":1,\"removed_ingredient_ids\":[]}]', 'Sean Peniero', '2026-05-12 14:10:08');

-- --------------------------------------------------------

--
-- Table structure for table `sale_report`
--

CREATE TABLE `sale_report` (
  `report_id` int(11) NOT NULL,
  `user_id` int(11) DEFAULT NULL,
  `order_id` int(11) DEFAULT NULL,
  `report_date` date NOT NULL,
  `period_type` enum('daily','weekly','monthly') NOT NULL,
  `total_sales` decimal(10,2) NOT NULL DEFAULT 0.00,
  `total_order` int(11) NOT NULL DEFAULT 0,
  `top_items` varchar(255) DEFAULT NULL,
  `generate_at` timestamp NOT NULL DEFAULT current_timestamp()
) ENGINE=InnoDB DEFAULT CHARSET=utf8mb4 COLLATE=utf8mb4_general_ci;

-- --------------------------------------------------------

--
-- Table structure for table `suppliers`
--

CREATE TABLE `suppliers` (
  `id` int(11) NOT NULL,
  `name` varchar(150) NOT NULL,
  `category` varchar(100) NOT NULL,
  `contact_person` varchar(150) DEFAULT NULL,
  `phone` varchar(50) DEFAULT NULL,
  `email` varchar(150) DEFAULT NULL,
  `address` varchar(255) DEFAULT NULL,
  `notes` text DEFAULT NULL,
  `status` enum('Active','Inactive') NOT NULL DEFAULT 'Active',
  `created_at` timestamp NOT NULL DEFAULT current_timestamp(),
  `updated_at` timestamp NOT NULL DEFAULT current_timestamp() ON UPDATE current_timestamp()
) ENGINE=InnoDB DEFAULT CHARSET=utf8mb4 COLLATE=utf8mb4_unicode_ci;

--
-- Dumping data for table `suppliers`
--

INSERT INTO `suppliers` (`id`, `name`, `category`, `contact_person`, `phone`, `email`, `address`, `notes`, `status`, `created_at`, `updated_at`) VALUES
(1, 'Sean Peniero', 'Dairy', 'Sean Peniero', '09630374759', 'seanpeniero99@gmail.com', 'brgy. Omambong', 'happy', 'Inactive', '2026-05-02 13:44:27', '2026-05-17 09:46:40');

-- --------------------------------------------------------

--
-- Table structure for table `user`
--

CREATE TABLE `user` (
  `id` int(11) NOT NULL,
  `firstname` varchar(100) DEFAULT NULL,
  `lastname` varchar(100) DEFAULT NULL,
  `email` varchar(100) NOT NULL,
  `password` varchar(255) NOT NULL,
  `position` enum('staff','admin','','') NOT NULL,
  `contact` varchar(20) DEFAULT NULL,
  `address` text DEFAULT NULL,
  `image` varchar(255) DEFAULT '',
  `notify_email` varchar(255) DEFAULT NULL,
  `email_verified` tinyint(1) NOT NULL DEFAULT 0,
  `verify_token` varchar(64) DEFAULT NULL,
  `token_expiry` datetime DEFAULT NULL
) ENGINE=InnoDB DEFAULT CHARSET=utf8mb4 COLLATE=utf8mb4_general_ci;

--
-- Dumping data for table `user`
--

INSERT INTO `user` (`id`, `firstname`, `lastname`, `email`, `password`, `position`, `contact`, `address`, `image`, `notify_email`, `email_verified`, `verify_token`, `token_expiry`) VALUES
(1, '', '', 'admin', '$2y$10$KNTescTlNCQezdG/KK6Xcu.1HYW2xJiDLidG0sgmpE9eGYWsoHI7C', 'admin', '', '', '', 'dummyacctest099@gmail.com', 0, NULL, NULL),
(4, 'micheal', 'sablon', 'mic@gmail.com', '$2y$10$2MMFTU8wR4U90JPMQn2Do.EbzoOCaPHtkG3ampSwz6.CAZ6dJnbH6', 'staff', '09123456788', 'villa', 'Frontend/ADMIN/uploads/staff/staff_1775631999_22302282.jpg', NULL, 0, NULL, NULL),
(5, 'Sean', 'Peniero', 'shongarena05@gmail.com', '$2y$10$kPn4EQPZQ7nXS7adE2TZ..mlIfEwVi8e1eXxOiy0Qgx7O/Vflez0u', 'staff', '09630374759', 'Leon', 'Frontend/ADMIN/uploads/staff/staff_1775796015_5b73ef60.jpg', NULL, 1, NULL, NULL);

--
-- Indexes for dumped tables
--

--
-- Indexes for table `ingredients`
--
ALTER TABLE `ingredients`
  ADD PRIMARY KEY (`id`);

--
-- Indexes for table `menu`
--
ALTER TABLE `menu`
  ADD PRIMARY KEY (`id`);

--
-- Indexes for table `menu_ingredients`
--
ALTER TABLE `menu_ingredients`
  ADD PRIMARY KEY (`id`),
  ADD KEY `menu_id` (`menu_id`),
  ADD KEY `ingredient_id` (`ingredient_id`);

--
-- Indexes for table `orders`
--
ALTER TABLE `orders`
  ADD PRIMARY KEY (`id`),
  ADD KEY `idx_orders_user_id` (`user_id`);

--
-- Indexes for table `order_items`
--
ALTER TABLE `order_items`
  ADD PRIMARY KEY (`id`),
  ADD KEY `order_id` (`order_id`),
  ADD KEY `menu_id` (`menu_id`);

--
-- Indexes for table `order_refunds`
--
ALTER TABLE `order_refunds`
  ADD PRIMARY KEY (`id`);

--
-- Indexes for table `sale_report`
--
ALTER TABLE `sale_report`
  ADD PRIMARY KEY (`report_id`),
  ADD KEY `idx_user_id` (`user_id`),
  ADD KEY `idx_order_id` (`order_id`);

--
-- Indexes for table `suppliers`
--
ALTER TABLE `suppliers`
  ADD PRIMARY KEY (`id`);

--
-- Indexes for table `user`
--
ALTER TABLE `user`
  ADD PRIMARY KEY (`id`),
  ADD UNIQUE KEY `email` (`email`);

--
-- AUTO_INCREMENT for dumped tables
--

--
-- AUTO_INCREMENT for table `ingredients`
--
ALTER TABLE `ingredients`
  MODIFY `id` int(11) NOT NULL AUTO_INCREMENT, AUTO_INCREMENT=107;

--
-- AUTO_INCREMENT for table `menu`
--
ALTER TABLE `menu`
  MODIFY `id` int(11) NOT NULL AUTO_INCREMENT, AUTO_INCREMENT=190;

--
-- AUTO_INCREMENT for table `menu_ingredients`
--
ALTER TABLE `menu_ingredients`
  MODIFY `id` int(11) NOT NULL AUTO_INCREMENT, AUTO_INCREMENT=844;

--
-- AUTO_INCREMENT for table `orders`
--
ALTER TABLE `orders`
  MODIFY `id` int(11) NOT NULL AUTO_INCREMENT, AUTO_INCREMENT=121;

--
-- AUTO_INCREMENT for table `order_items`
--
ALTER TABLE `order_items`
  MODIFY `id` int(11) NOT NULL AUTO_INCREMENT, AUTO_INCREMENT=130;

--
-- AUTO_INCREMENT for table `order_refunds`
--
ALTER TABLE `order_refunds`
  MODIFY `id` int(11) NOT NULL AUTO_INCREMENT, AUTO_INCREMENT=11;

--
-- AUTO_INCREMENT for table `sale_report`
--
ALTER TABLE `sale_report`
  MODIFY `report_id` int(11) NOT NULL AUTO_INCREMENT;

--
-- AUTO_INCREMENT for table `suppliers`
--
ALTER TABLE `suppliers`
  MODIFY `id` int(11) NOT NULL AUTO_INCREMENT, AUTO_INCREMENT=3;

--
-- AUTO_INCREMENT for table `user`
--
ALTER TABLE `user`
  MODIFY `id` int(11) NOT NULL AUTO_INCREMENT, AUTO_INCREMENT=10;

--
-- Constraints for dumped tables
--

--
-- Constraints for table `menu_ingredients`
--
ALTER TABLE `menu_ingredients`
  ADD CONSTRAINT `menu_ingredients_ibfk_1` FOREIGN KEY (`menu_id`) REFERENCES `menu` (`id`) ON DELETE CASCADE,
  ADD CONSTRAINT `menu_ingredients_ibfk_2` FOREIGN KEY (`ingredient_id`) REFERENCES `ingredients` (`id`) ON DELETE CASCADE;

--
-- Constraints for table `orders`
--
ALTER TABLE `orders`
  ADD CONSTRAINT `fk_orders_user` FOREIGN KEY (`user_id`) REFERENCES `user` (`id`) ON DELETE SET NULL ON UPDATE CASCADE;

--
-- Constraints for table `order_items`
--
ALTER TABLE `order_items`
  ADD CONSTRAINT `order_items_ibfk_1` FOREIGN KEY (`order_id`) REFERENCES `orders` (`id`) ON DELETE CASCADE,
  ADD CONSTRAINT `order_items_ibfk_2` FOREIGN KEY (`menu_id`) REFERENCES `menu` (`id`) ON DELETE CASCADE;
COMMIT;

/*!40101 SET CHARACTER_SET_CLIENT=@OLD_CHARACTER_SET_CLIENT */;
/*!40101 SET CHARACTER_SET_RESULTS=@OLD_CHARACTER_SET_RESULTS */;
/*!40101 SET COLLATION_CONNECTION=@OLD_COLLATION_CONNECTION */;
